wall_time,elapsed_s,F1_N,F2_N
2026-07-22T17:35:50.605,8.3682,-1.2982,16.9391
2026-07-22T17:35:50.605,8.3815,-1.3178,16.9391
2026-07-22T17:35:50.621,8.3843,-1.3374,16.9
2026-07-22T17:35:50.624,8.4009,-1.2786,16.8608
2026-07-22T17:35:50.636,8.4103,-1.3178,16.9
2026-07-22T17:35:50.652,8.418,-1.3178,16.8804
2026-07-22T17:35:50.656,8.4399,-1.2982,16.9
2026-07-22T17:35:50.669,8.4459,-1.3178,16.9783
2026-07-22T17:35:50.678,8.4477,-1.3374,16.8412
2026-07-22T17:35:50.686,8.4561,-1.3374,16.8216
2026-07-22T17:35:50.700,8.4634,-1.259,16.7825
2026-07-22T17:35:50.708,8.4814,-1.259,16.7825
2026-07-22T17:35:50.716,8.4814,-1.2982,16.7629
2026-07-22T17:35:50.732,8.4972,-1.3765,16.7629
2026-07-22T17:35:50.732,8.5112,-1.3765,16.7237
2026-07-22T17:35:50.750,8.5139,-1.2199,16.5867
2026-07-22T17:35:50.765,8.527,-1.2982,16.5867
2026-07-22T17:35:50.765,8.5427,-1.3961,16.5279
2026-07-22T17:35:50.782,8.5427,-1.3374,16.5083
2026-07-22T17:35:50.782,8.5427,-1.3961,16.4496
2026-07-22T17:35:50.795,8.5604,-1.2982,16.5475
2026-07-22T17:35:50.811,8.5745,-1.259,16.5867
2026-07-22T17:35:50.811,8.5834,-1.3765,16.5279
2026-07-22T17:35:50.829,8.6061,-1.3374,16.5867
2026-07-22T17:35:50.829,8.6126,-1.3374,16.4888
2026-07-22T17:35:50.852,8.6126,-1.3374,16.4692
2026-07-22T17:35:50.858,8.6377,-1.3374,16.4888
2026-07-22T17:35:50.874,8.6377,-1.4353,16.5279
2026-07-22T17:35:50.881,8.6377,-1.3569,16.5279
2026-07-22T17:35:50.895,8.6691,-1.3569,16.5279
2026-07-22T17:35:50.895,8.6725,-1.4549,16.4692
2026-07-22T17:35:50.906,8.6725,-1.3765,16.4692
2026-07-22T17:35:50.922,8.685,-1.2982,16.4692
2026-07-22T17:35:50.925,8.7006,-1.3961,16.4888
2026-07-22T17:35:50.941,8.7006,-1.3765,16.4888
2026-07-22T17:35:50.952,8.7152,-1.4157,16.5279
2026-07-22T17:35:50.957,8.7324,-1.3569,16.5279
2026-07-22T17:35:50.969,8.7324,-1.4353,16.5671
2026-07-22T17:35:50.985,8.7416,-1.3178,16.5279
2026-07-22T17:35:50.985,8.7637,-1.3374,16.5475
2026-07-22T17:35:51.001,8.7637,-1.4353,16.6258
2026-07-22T17:35:51.010,8.7637,-1.3569,16.6258
2026-07-22T17:35:51.018,8.7637,-1.4353,16.7042
2026-07-22T17:35:51.032,8.7994,-1.3961,16.7237
2026-07-22T17:35:51.032,8.8063,-1.3961,16.7629
2026-07-22T17:35:51.049,8.8287,-1.3961,16.8412
2026-07-22T17:35:51.057,8.8287,-1.3961,16.7629
2026-07-22T17:35:51.075,8.8346,-1.4549,16.7629
2026-07-22T17:35:51.080,8.8568,-1.3961,16.8804
2026-07-22T17:35:51.080,8.8568,-1.4157,16.7629
2026-07-22T17:35:51.103,8.8623,-1.5332,16.8804
2026-07-22T17:35:51.109,8.8623,-1.3765,16.9195
2026-07-22T17:35:51.112,8.8856,-1.4157,16.9587
2026-07-22T17:35:51.130,8.8892,-1.4157,17.0174
2026-07-22T17:35:51.143,8.9044,-1.3569,16.9587
2026-07-22T17:35:51.143,8.9044,-1.4744,17.0174
2026-07-22T17:35:51.157,8.9221,-1.4549,16.9391
2026-07-22T17:35:51.163,8.9358,-1.4744,16.8608
2026-07-22T17:35:51.173,8.9515,-1.4157,16.8804
2026-07-22T17:35:51.190,8.9569,-1.4157,16.9391
2026-07-22T17:35:51.198,8.9792,-1.4744,16.9587
2026-07-22T17:35:51.204,8.9832,-1.3765,16.9979
2026-07-22T17:35:51.220,8.9832,-1.4157,16.9
2026-07-22T17:35:51.225,8.9991,-1.4353,16.9
2026-07-22T17:35:51.235,9.0149,-1.3961,16.9
2026-07-22T17:35:51.251,9.0149,-1.4549,16.7825
2026-07-22T17:35:51.258,9.0446,-1.3765,16.7825
2026-07-22T17:35:51.267,9.0476,-1.4157,16.8216
2026-07-22T17:35:51.283,9.0506,-1.4549,16.9195
2026-07-22T17:35:51.283,9.0546,-1.3961,16.8608
2026-07-22T17:35:51.309,9.0762,-1.4744,16.8608
2026-07-22T17:35:51.310,9.0762,-1.3961,16.8216
2026-07-22T17:35:51.323,9.0762,-1.4549,16.9391
2026-07-22T17:35:51.331,9.108,-1.4744,16.9979
2026-07-22T17:35:51.344,9.1128,-1.3765,16.9979
2026-07-22T17:35:51.344,9.1128,-1.3765,16.9783
2026-07-22T17:35:51.361,9.1238,-1.4353,16.9391
2026-07-22T17:35:51.361,9.1408,-1.3569,16.9587
2026-07-22T17:35:51.381,9.1454,-1.4744,16.9783
2026-07-22T17:35:51.392,9.1698,-1.3765,16.9979
2026-07-22T17:35:51.392,9.1718,-1.4549,16.9783
2026-07-22T17:35:51.413,9.1768,-1.4157,16.9391
2026-07-22T17:35:51.425,9.1981,-1.2003,16.9
2026-07-22T17:35:51.433,9.2036,-1.4744,16.8608
2026-07-22T17:35:51.448,9.2083,-1.4744,16.8021
2026-07-22T17:35:51.448,9.2115,-1.4353,16.8412
2026-07-22T17:35:51.461,9.2305,-1.4353,16.8804
2026-07-22T17:35:51.466,9.24,-1.4353,16.9
2026-07-22T17:35:51.482,9.2451,-1.4157,16.8804
2026-07-22T17:35:51.482,9.2616,-1.3765,16.9195
2026-07-22T17:35:51.499,9.2616,-1.4157,16.9587
2026-07-22T17:35:51.513,9.2794,-1.4549,16.8804
2026-07-22T17:35:51.513,9.3002,-1.4549,16.8216
2026-07-22T17:35:51.530,9.3002,-1.3178,16.8412
2026-07-22T17:35:51.530,9.3091,-1.3765,16.8608
2026-07-22T17:35:51.551,9.314,-1.4157,16.7825
2026-07-22T17:35:51.561,9.325,-1.4157,16.8412
2026-07-22T17:35:51.568,9.325,-1.3961,16.665
2026-07-22T17:35:51.582,9.3407,-1.4157,16.7825
2026-07-22T17:35:51.593,9.3609,-1.3765,16.8412
2026-07-22T17:35:51.593,9.3609,-1.4157,16.8804
2026-07-22T17:35:51.609,9.3913,-1.5136,16.9
2026-07-22T17:35:51.626,9.3962,-1.3765,16.8804
2026-07-22T17:35:51.629,9.3962,-1.494,16.7825
2026-07-22T17:35:51.645,9.405,-1.3961,16.8412
2026-07-22T17:35:51.645,9.4288,-1.4157,16.7825
2026-07-22T17:35:51.664,9.435,-1.494,16.8021
2026-07-22T17:35:51.673,9.435,-1.4353,16.8216
2026-07-22T17:35:51.678,9.4579,-1.494,16.8412
2026-07-22T17:35:51.689,9.4579,-1.4157,17.037
2026-07-22T17:35:51.703,9.4579,-1.3961,16.8608
2026-07-22T17:35:51.703,9.4823,-1.4744,16.9
2026-07-22T17:35:51.719,9.4914,-1.3961,16.9
2026-07-22T17:35:51.726,9.4979,-1.494,16.7433
2026-07-22T17:35:51.735,9.5189,-1.3178,16.7237
2026-07-22T17:35:51.750,9.5221,-1.4549,16.7629
2026-07-22T17:35:51.760,9.5221,-1.4744,16.8021
2026-07-22T17:35:51.771,9.5493,-1.4353,16.7825
2026-07-22T17:35:51.782,9.5493,-1.494,16.8021
2026-07-22T17:35:51.790,9.5601,-1.5136,16.8021
2026-07-22T17:35:51.797,9.5625,-1.3765,16.8804
2026-07-22T17:35:51.813,9.5861,-1.4353,16.7825
2026-07-22T17:35:51.817,9.5916,-1.4549,16.7825
2026-07-22T17:35:51.831,9.5984,-1.494,16.7042
2026-07-22T17:35:51.844,9.6074,-1.494,16.7042
2026-07-22T17:35:51.851,9.6243,-1.5136,16.7433
2026-07-22T17:35:51.863,9.6295,-1.5723,16.6846
2026-07-22T17:35:51.869,9.6385,-1.4157,16.7433
2026-07-22T17:35:51.876,9.6545,-1.494,16.7237
2026-07-22T17:35:51.891,9.658,-1.5723,16.8216
2026-07-22T17:35:51.899,9.6639,-1.494,16.665
2026-07-22T17:35:51.907,9.6703,-1.5528,16.6846
2026-07-22T17:35:51.907,9.6859,-1.5528,16.6846
2026-07-22T17:35:51.932,9.692,-1.4157,16.6258
2026-07-22T17:35:51.938,9.7125,-1.5919,16.6846
2026-07-22T17:35:51.938,9.7145,-1.5723,16.6846
2026-07-22T17:35:51.960,9.7335,-1.5919,16.6846
2026-07-22T17:35:51.970,9.7335,-1.5528,16.665
2026-07-22T17:35:51.983,9.7461,-1.5136,16.6454
2026-07-22T17:35:51.989,9.7496,-1.6115,16.6846
2026-07-22T17:35:52.002,9.7652,-1.4744,16.7237
2026-07-22T17:35:52.002,9.7652,-1.6507,16.6454
2026-07-22T17:35:52.026,9.8005,-1.6115,16.665
2026-07-22T17:35:52.026,9.8025,-1.5332,16.665
2026-07-22T17:35:52.033,9.8025,-1.5919,16.6258
2026-07-22T17:35:52.049,9.8292,-1.5919,16.665
2026-07-22T17:35:52.060,9.8292,-1.6115,16.7042
2026-07-22T17:35:52.071,9.8292,-1.5919,16.6846
2026-07-22T17:35:52.088,9.856,-1.494,16.7042
2026-07-22T17:35:52.088,9.858,-1.6311,16.6846
2026-07-22T17:35:52.097,9.8603,-1.5528,16.6846
2026-07-22T17:35:52.114,9.8767,-1.5723,16.6062
2026-07-22T17:35:52.114,9.8767,-1.6115,16.6062
2026-07-22T17:35:52.128,9.8962,-1.5332,16.7433
2026-07-22T17:35:52.144,9.9166,-1.5919,16.6846
2026-07-22T17:35:52.145,9.9229,-1.6115,16.7237
2026-07-22T17:35:52.164,9.932,-1.5723,16.6846
2026-07-22T17:35:52.175,9.9541,-1.6311,16.7237
2026-07-22T17:35:52.175,9.9541,-1.5528,16.8021
2026-07-22T17:35:52.191,9.9623,-1.5919,16.7042
2026-07-22T17:35:52.200,9.9623,-1.5919,16.8021
2026-07-22T17:35:52.207,9.9855,-1.5528,16.7825
2026-07-22T17:35:52.222,9.9932,-1.6115,16.7042
2026-07-22T17:35:52.231,10.0012,-1.5919,16.7237
2026-07-22T17:35:52.241,10.0214,-1.6507,16.7629
2026-07-22T17:35:52.241,10.0214,-1.5723,16.8021
2026-07-22T17:35:52.261,10.029,-1.5723,16.7237
2026-07-22T17:35:52.269,10.0327,-1.5919,16.6454
2026-07-22T17:35:52.285,10.0581,-1.5528,16.6454
2026-07-22T17:35:52.290,10.0643,-1.6507,16.6454
2026-07-22T17:35:52.301,10.0643,-1.6115,16.8412
2026-07-22T17:35:52.317,10.0935,-1.5528,16.8216
2026-07-22T17:35:52.317,10.0961,-1.6311,16.8021
2026-07-22T17:35:52.333,10.0961,-1.5332,16.8412
2026-07-22T17:35:52.333,10.0961,-1.5919,16.7433
2026-07-22T17:35:52.349,10.1243,-1.5723,16.8608
2026-07-22T17:35:52.364,10.1299,-1.5528,16.8412
2026-07-22T17:35:52.364,10.1299,-1.6311,16.9195
2026-07-22T17:35:52.380,10.158,-1.5919,16.9587
2026-07-22T17:35:52.380,10.1613,-1.5528,16.8804
2026-07-22T17:35:52.398,10.1646,-1.6311,16.9391
2026-07-22T17:35:52.412,10.1861,-1.5723,16.9195
2026-07-22T17:35:52.422,10.188,-1.5528,16.8804
2026-07-22T17:35:52.435,10.193,-1.6311,16.9783
2026-07-22T17:35:52.451,10.2087,-1.5723,16.9979
2026-07-22T17:35:52.454,10.2087,-1.6311,16.9979
2026-07-22T17:35:52.460,10.2087,-1.5723,16.9783
2026-07-22T17:35:52.477,10.24,-1.6115,16.9195
2026-07-22T17:35:52.477,10.2462,-1.6115,16.9391
2026-07-22T17:35:52.493,10.2561,-1.5332,16.8804
2026-07-22T17:35:52.493,10.275,-1.5723,16.8608
2026-07-22T17:35:52.508,10.2804,-1.6115,16.9587
2026-07-22T17:35:52.524,10.2854,-1.5528,16.9391
2026-07-22T17:35:52.526,10.3063,-1.6898,16.9391
2026-07-22T17:35:52.548,10.3123,-1.6115,16.8804
2026-07-22T17:35:52.552,10.3129,-1.6311,16.9391
2026-07-22T17:35:52.569,10.3284,-1.5723,16.8021
2026-07-22T17:35:52.570,10.3284,-1.5723,16.8412
2026-07-22T17:35:52.581,10.3441,-1.6311,16.8216
2026-07-22T17:35:52.595,10.3682,-1.5528,16.9195
2026-07-22T17:35:52.597,10.3682,-1.5919,16.9195
2026-07-22T17:35:52.612,10.3768,-1.6115,16.9979
2026-07-22T17:35:52.612,10.3965,-1.5919,16.9979
2026-07-22T17:35:52.628,10.3965,-1.6507,16.9979
2026-07-22T17:35:52.636,10.4074,-1.5528,16.9783
2026-07-22T17:35:52.651,10.4283,-1.6115,16.9979
2026-07-22T17:35:52.665,10.4283,-1.5528,16.9195
2026-07-22T17:35:52.665,10.4283,-1.5528,16.8608
2026-07-22T17:35:52.681,10.4283,-1.6115,16.8412
2026-07-22T17:35:52.681,10.4605,-1.494,16.8412
2026-07-22T17:35:52.696,10.4605,-1.6507,16.8021
2026-07-22T17:35:52.696,10.4756,-1.6311,16.7433
2026-07-22T17:35:52.727,10.4945,-1.5136,16.7237
2026-07-22T17:35:52.729,10.4945,-1.6507,16.7433
2026-07-22T17:35:52.729,10.5074,-1.5919,16.7825
2026-07-22T17:35:52.759,10.5305,-1.6311,16.7629
2026-07-22T17:35:52.763,10.5336,-1.5723,16.8021
2026-07-22T17:35:52.763,10.5366,-1.5919,16.7629
2026-07-22T17:35:52.776,10.5585,-1.6115,16.8021
2026-07-22T17:35:52.791,10.5585,-1.5919,16.8216
2026-07-22T17:35:52.802,10.5618,-1.5528,16.7825
2026-07-22T17:35:52.822,10.5856,-1.6115,16.7237
2026-07-22T17:35:52.822,10.5856,-1.5723,16.7433
2026-07-22T17:35:52.830,10.5896,-1.6311,16.7042
2026-07-22T17:35:52.838,10.6131,-1.494,16.7629
2026-07-22T17:35:52.854,10.6172,-1.5919,16.8021
2026-07-22T17:35:52.863,10.6212,-1.6311,16.8608
2026-07-22T17:35:52.869,10.6328,-1.5528,16.9
2026-07-22T17:35:52.887,10.6432,-1.5919,16.8804
2026-07-22T17:35:52.889,10.6432,-1.6311,16.8608
2026-07-22T17:35:52.901,10.6643,-1.5136,16.9
2026-07-22T17:35:52.911,10.6643,-1.5919,16.8412
2026-07-22T17:35:52.919,10.696,-1.5528,16.8021
2026-07-22T17:35:52.932,10.696,-1.5919,16.8216
2026-07-22T17:35:52.949,10.7117,-1.6311,16.8608
2026-07-22T17:35:52.949,10.7117,-1.5528,16.9
2026-07-22T17:35:52.960,10.7117,-1.6115,16.9
2026-07-22T17:35:52.964,10.7276,-1.5136,16.8804
2026-07-22T17:35:52.980,10.7432,-1.6311,16.8412
2026-07-22T17:35:52.980,10.7432,-1.6311,16.9
2026-07-22T17:35:52.996,10.7586,-1.5919,16.9587
2026-07-22T17:35:53.011,10.7815,-1.6115,16.9391
2026-07-22T17:35:53.011,10.7835,-1.5723,16.9
2026-07-22T17:35:53.035,10.8056,-1.6311,16.9195
2026-07-22T17:35:53.042,10.8056,-1.6311,17.0566
2026-07-22T17:35:53.052,10.8056,-1.5723,17.0958
2026-07-22T17:35:53.059,10.8365,-1.6115,16.9
2026-07-22T17:35:53.074,10.8365,-1.5723,16.8412
2026-07-22T17:35:53.074,10.8365,-1.6115,16.8412
2026-07-22T17:35:53.092,10.855,-1.5723,16.9195
2026-07-22T17:35:53.105,10.8682,-1.6115,16.9
2026-07-22T17:35:53.105,10.8682,-1.6311,16.8608
2026-07-22T17:35:53.120,10.8851,-1.6115,16.9979
2026-07-22T17:35:53.136,10.9041,-1.5919,16.9195
2026-07-22T17:35:53.136,10.9041,-1.6507,16.9195
2026-07-22T17:35:53.153,10.9166,-1.5723,16.9391
2026-07-22T17:35:53.162,10.9233,-1.5723,16.8804
2026-07-22T17:35:53.172,10.932,-1.6507,16.9587
2026-07-22T17:35:53.184,10.9479,-1.5723,16.9391
2026-07-22T17:35:53.191,10.9479,-1.6311,16.9587
2026-07-22T17:35:53.200,10.9715,-1.5528,16.9587
2026-07-22T17:35:53.200,10.9715,-1.6311,16.9
2026-07-22T17:35:53.216,10.9792,-1.5919,16.9195
2026-07-22T17:35:53.227,11.002,-1.6115,16.9783
2026-07-22T17:35:53.240,11.002,-1.6311,16.9
2026-07-22T17:35:53.251,11.013,-1.5919,16.9
2026-07-22T17:35:53.266,11.0265,-1.5919,16.9391
2026-07-22T17:35:53.270,11.0424,-1.6311,17.0566
2026-07-22T17:35:53.283,11.0468,-1.5332,17.0174
2026-07-22T17:35:53.295,11.0678,-1.6702,16.9783
2026-07-22T17:35:53.295,11.0678,-1.5136,17.0762
2026-07-22T17:35:53.313,11.0784,-1.5528,17.037
2026-07-22T17:35:53.315,11.0966,-1.6115,17.1153
2026-07-22T17:35:53.329,11.1043,-1.5723,17.1937
2026-07-22T17:35:53.347,11.1068,-1.6311,17.1153
2026-07-22T17:35:53.347,11.1284,-1.5919,17.1153
2026-07-22T17:35:53.365,11.1375,-1.5723,17.0566
2026-07-22T17:35:53.375,11.1375,-1.5528,17.0762
2026-07-22T17:35:53.375,11.1375,-1.6115,17.1545
2026-07-22T17:35:53.392,11.164,-1.6702,17.1153
2026-07-22T17:35:53.406,11.1693,-1.6507,17.1937
2026-07-22T17:35:53.406,11.1693,-1.6115,17.0958
2026-07-22T17:35:53.428,11.1971,-1.5723,17.1349
2026-07-22T17:35:53.432,11.2041,-1.6115,17.0958
2026-07-22T17:35:53.437,11.2041,-1.5528,17.0762
2026-07-22T17:35:53.453,11.2278,-1.7094,17.2328
2026-07-22T17:35:53.464,11.2324,-1.6115,17.272
2026-07-22T17:35:53.472,11.2324,-1.6702,17.1937
2026-07-22T17:35:53.481,11.2324,-1.6507,17.2328
2026-07-22T17:35:53.496,11.2602,-1.6507,17.2524
2026-07-22T17:35:53.501,11.2651,-1.6898,17.2524
2026-07-22T17:35:53.518,11.2915,-1.6115,17.2133
2026-07-22T17:35:53.526,11.2915,-1.7094,17.272
2026-07-22T17:35:53.536,11.2999,-1.6507,17.2916
2026-07-22T17:35:53.536,11.3123,-1.6311,17.2524
2026-07-22T17:35:53.556,11.3211,-1.6507,17.3503
2026-07-22T17:35:53.564,11.3252,-1.5723,17.3895
2026-07-22T17:35:53.570,11.327,-1.6507,17.3503
2026-07-22T17:35:53.580,11.3501,-1.6702,17.4482
2026-07-22T17:35:53.589,11.3501,-1.6507,17.4678
2026-07-22T17:35:53.595,11.3792,-1.6898,17.507
2026-07-22T17:35:53.612,11.3792,-1.5723,17.5657
2026-07-22T17:35:53.618,11.3792,-1.6311,17.5265
2026-07-22T17:35:53.628,11.4103,-1.6702,17.5461
2026-07-22T17:35:53.643,11.4124,-1.5723,17.4482
2026-07-22T17:35:53.647,11.4204,-1.6898,17.5461
2026-07-22T17:35:53.660,11.4291,-1.5528,17.6636
2026-07-22T17:35:53.676,11.4462,-1.6115,17.6049
2026-07-22T17:35:53.686,11.4496,-1.6507,17.6244
2026-07-22T17:35:53.694,11.4595,-1.6115,17.6636
2026-07-22T17:35:53.697,11.4741,-1.6507,17.644
2026-07-22T17:35:53.714,11.4741,-1.5528,17.644
2026-07-22T17:35:53.718,11.4795,-1.6898,17.6244
2026-07-22T17:35:53.728,11.5023,-1.6507,17.6832
2026-07-22T17:35:53.742,11.5077,-1.6311,17.7224
2026-07-22T17:35:53.748,11.5106,-1.6898,17.7419
2026-07-22T17:35:53.767,11.5264,-1.6507,17.7419
2026-07-22T17:35:53.771,11.535,-1.5528,17.6832
2026-07-22T17:35:53.781,11.5598,-1.6702,17.644
2026-07-22T17:35:53.795,11.5618,-1.6115,17.7028
2026-07-22T17:35:53.803,11.5658,-1.7094,17.7419
2026-07-22T17:35:53.813,11.5894,-1.5919,17.8007
2026-07-22T17:35:53.813,11.5894,-1.6115,17.8594
2026-07-22T17:35:53.834,11.5929,-1.6311,17.9769
2026-07-22T17:35:53.842,11.5986,-1.5919,17.9573
2026-07-22T17:35:53.850,11.6142,-1.6702,18.0161
2026-07-22T17:35:53.861,11.6224,-1.5919,18.0748
2026-07-22T17:35:53.873,11.6363,-1.6311,18.0161
2026-07-22T17:35:53.882,11.6363,-1.6898,18.114
2026-07-22T17:35:53.891,11.652,-1.6311,18.1531
2026-07-22T17:35:53.902,11.6741,-1.729,18.0748
2026-07-22T17:35:53.904,11.6741,-1.6898,18.1531
2026-07-22T17:35:53.920,11.6835,-1.6507,18.1923
2026-07-22T17:35:53.928,11.699,-1.6507,18.2119
2026-07-22T17:35:53.942,11.699,-1.6507,18.2902
2026-07-22T17:35:53.952,11.7148,-1.6702,18.3098
2026-07-22T17:35:53.963,11.7346,-1.6898,18.3489
2026-07-22T17:35:53.967,11.7397,-1.6702,18.2706
2026-07-22T17:35:53.983,11.7461,-1.7094,18.251
2026-07-22T17:35:53.987,11.7667,-1.5723,18.3685
2026-07-22T17:35:53.999,11.7687,-1.6702,18.3685
2026-07-22T17:35:54.014,11.7687,-1.7094,18.3685
2026-07-22T17:35:54.014,11.7933,-1.6115,18.4273
2026-07-22T17:35:54.030,11.7992,-1.7094,18.3685
2026-07-22T17:35:54.037,11.7992,-1.6115,18.3685
2026-07-22T17:35:54.046,11.8247,-1.6507,18.2902
2026-07-22T17:35:54.064,11.8247,-1.6311,18.3294
2026-07-22T17:35:54.067,11.8247,-1.6898,18.3294
2026-07-22T17:35:54.083,11.8567,-1.6898,18.2706
2026-07-22T17:35:54.083,11.8567,-1.7094,18.3294
2026-07-22T17:35:54.093,11.8619,-1.6115,18.3098
2026-07-22T17:35:54.111,11.875,-1.7681,18.3489
2026-07-22T17:35:54.123,11.875,-1.6898,18.3294
2026-07-22T17:35:54.130,11.8892,-1.6507,18.3098
2026-07-22T17:35:54.143,11.9063,-1.7486,18.3489
2026-07-22T17:35:54.143,11.9063,-1.6115,18.3881
2026-07-22T17:35:54.175,11.9367,-1.6702,18.4273
2026-07-22T17:35:54.175,11.9367,-1.6115,18.4077
2026-07-22T17:35:54.175,11.9367,-1.6507,18.2902
2026-07-22T17:35:54.189,11.9647,-1.729,18.3685
2026-07-22T17:35:54.198,11.9672,-1.6702,18.3881
2026-07-22T17:35:54.205,11.9725,-1.7486,18.3881
2026-07-22T17:35:54.228,11.984,-1.6898,18.4077
2026-07-22T17:35:54.233,11.984,-1.7094,18.3489
2026-07-22T17:35:54.243,11.9999,-1.7681,18.2902
2026-07-22T17:35:54.252,12.0194,-1.6507,18.2314
2026-07-22T17:35:54.252,12.0194,-1.7486,18.2314
2026-07-22T17:35:54.268,12.0259,-1.6702,18.2706
2026-07-22T17:35:54.283,12.0462,-1.6702,18.251
2026-07-22T17:35:54.288,12.0462,-1.7681,18.251
2026-07-22T17:35:54.303,12.0776,-1.729,18.3098
2026-07-22T17:35:54.303,12.0801,-1.7681,18.3098
2026-07-22T17:35:54.314,12.0801,-1.7094,18.3489
2026-07-22T17:35:54.330,12.1094,-1.6702,18.3098
2026-07-22T17:35:54.346,12.1094,-1.729,18.4077
2026-07-22T17:35:54.348,12.1172,-1.729,18.3489
2026-07-22T17:35:54.369,12.1254,-1.7486,18.3098
2026-07-22T17:35:54.378,12.1413,-1.7094,18.4077
2026-07-22T17:35:54.378,12.1413,-1.7486,18.3294
2026-07-22T17:35:54.394,12.1672,-1.8073,18.3294
2026-07-22T17:35:54.394,12.1694,-1.7094,18.3685
2026-07-22T17:35:54.409,12.1744,-1.7681,18.3294
2026-07-22T17:35:54.430,12.1881,-1.7877,18.3685
2026-07-22T17:35:54.435,12.1881,-1.7681,18.251
2026-07-22T17:35:54.443,12.2009,-1.8269,18.3294
2026-07-22T17:35:54.456,12.2232,-1.7486,18.2902
2026-07-22T17:35:54.456,12.2252,-1.729,18.3098
2026-07-22T17:35:54.469,12.2307,-1.7877,18.3294
2026-07-22T17:35:54.472,12.2355,-1.729,18.3294
2026-07-22T17:35:54.493,12.2508,-1.7486,18.2706
2026-07-22T17:35:54.504,12.2664,-1.7486,18.3881
2026-07-22T17:35:54.504,12.2664,-1.7681,18.3098
2026-07-22T17:35:54.521,12.2821,-1.8269,18.3489
2026-07-22T17:35:54.535,12.3013,-1.7486,18.4077
2026-07-22T17:35:54.535,12.3013,-1.8073,18.2902
2026-07-22T17:35:54.550,12.3178,-1.7681,18.3294
2026-07-22T17:35:54.566,12.3295,-1.7486,18.2706
2026-07-22T17:35:54.570,12.3326,-1.8073,18.251
2026-07-22T17:35:54.586,12.3585,-1.7877,18.251
2026-07-22T17:35:54.586,12.363,-1.7877,18.2314
2026-07-22T17:35:54.601,12.365,-1.8269,18.2314
2026-07-22T17:35:54.621,12.3915,-1.8269,18.3294
2026-07-22T17:35:54.621,12.3933,-1.8073,18.3489
2026-07-22T17:35:54.633,12.3933,-1.8269,18.486
2026-07-22T17:35:54.633,12.4247,-1.8269,18.3294
2026-07-22T17:35:54.645,12.4285,-1.866,18.3685
2026-07-22T17:35:54.661,12.4325,-1.7877,18.2706
2026-07-22T17:35:54.670,12.4447,-1.8073,18.3098
2026-07-22T17:35:54.689,12.4573,-1.8073,18.3294
2026-07-22T17:35:54.693,12.4639,-1.8073,18.3294
2026-07-22T17:35:54.705,12.4639,-1.9052,18.3489
2026-07-22T17:35:54.713,12.4955,-1.8073,18.4273
2026-07-22T17:35:54.713,12.4989,-1.8465,18.251
2026-07-22T17:35:54.732,12.5021,-1.8269,18.3489
2026-07-22T17:35:54.732,12.5092,-1.8465,18.3685
2026-07-22T17:35:54.751,12.5339,-1.9248,18.4077
2026-07-22T17:35:54.767,12.5369,-1.7877,18.4077
2026-07-22T17:35:54.770,12.542,-1.8465,18.3881
2026-07-22T17:35:54.777,12.5602,-1.9248,18.4077
2026-07-22T17:35:54.795,12.5602,-1.8073,18.3489
2026-07-22T17:35:54.805,12.5715,-1.8269,18.3489
2026-07-22T17:35:54.815,12.576,-1.7681,18.3489
2026-07-22T17:35:54.828,12.5991,-1.9052,18.3489
2026-07-22T17:35:54.828,12.6024,-1.9835,18.4468
2026-07-22T17:35:54.844,12.6075,-1.866,18.3685
2026-07-22T17:35:54.860,12.6358,-1.9444,18.4273
2026-07-22T17:35:54.860,12.6358,-1.8465,18.3489
2026-07-22T17:35:54.876,12.6438,-1.8073,18.5643
2026-07-22T17:35:54.881,12.6502,-1.866,18.4273
2026-07-22T17:35:54.892,12.6695,-1.9052,18.4077
2026-07-22T17:35:54.904,12.6759,-1.9444,18.486
2026-07-22T17:35:54.912,12.683,-1.8856,18.4468
2026-07-22T17:35:54.918,12.7075,-1.866,18.4077
2026-07-22T17:35:54.928,12.7075,-1.9835,18.3881
2026-07-22T17:35:54.944,12.7129,-1.8269,18.3881
2026-07-22T17:35:54.951,12.7129,-1.964,18.3881
2026-07-22T17:35:54.971,12.7389,-1.9052,18.4077
2026-07-22T17:35:54.971,12.7389,-1.9248,18.3685
2026-07-22T17:35:54.981,12.7389,-1.9835,18.2902
2026-07-22T17:35:54.991,12.7549,-1.9444,18.3489
2026-07-22T17:35:55.007,12.7705,-2.0031,18.3489
2026-07-22T17:35:55.007,12.7705,-1.8465,18.3098
2026-07-22T17:35:55.023,12.7862,-1.964,18.2706
2026-07-22T17:35:55.039,12.8078,-2.0031,18.2902
2026-07-22T17:35:55.039,12.8098,-1.964,18.3685
2026-07-22T17:35:55.039,12.818,-1.9248,18.2902
2026-07-22T17:35:55.056,12.8336,-1.9052,18.3881
2026-07-22T17:35:55.071,12.8336,-1.964,18.3489
2026-07-22T17:35:55.078,12.8336,-1.9444,18.3489
2026-07-22T17:35:55.102,12.8649,-1.866,18.3489
2026-07-22T17:35:55.102,12.8649,-1.964,18.3098
2026-07-22T17:35:55.102,12.8806,-2.0423,18.3098
2026-07-22T17:35:55.133,12.9033,-1.9444,18.251
2026-07-22T17:35:55.133,12.9033,-2.0031,18.3489
2026-07-22T17:35:55.143,12.9033,-1.9444,18.2902
2026-07-22T17:35:55.149,12.9146,-2.0031,18.2902
2026-07-22T17:35:55.166,12.929,-2.0227,18.3294
2026-07-22T17:35:55.171,12.929,-1.8856,18.3685
2026-07-22T17:35:55.183,12.9474,-2.0031,18.2902
2026-07-22T17:35:55.183,12.9606,-1.9444,18.4077
2026-07-22T17:35:55.197,12.9731,-1.964,18.3881
2026-07-22T17:35:55.216,12.978,-1.9444,18.3685
2026-07-22T17:35:55.216,13.0014,-1.9444,18.3685
2026-07-22T17:35:55.229,13.0055,-2.0031,18.3881
2026-07-22T17:35:55.244,13.0102,-1.964,18.3685
2026-07-22T17:35:55.246,13.0351,-1.9444,18.3489
2026-07-22T17:35:55.260,13.0351,-2.0227,18.3685
2026-07-22T17:35:55.274,13.039,-1.866,18.4077
2026-07-22T17:35:55.283,13.039,-1.9052,18.3685
2026-07-22T17:35:55.291,13.0658,-2.0814,18.3881
2026-07-22T17:35:55.303,13.0658,-1.9835,18.4273
2026-07-22T17:35:55.307,13.0802,-2.0031,18.4468
2026-07-22T17:35:55.328,13.0864,-1.866,18.4468
2026-07-22T17:35:55.328,13.1023,-1.9835,18.486
2026-07-22T17:35:55.346,13.1131,-1.9835,18.4468
2026-07-22T17:35:55.355,13.1313,-1.866,18.4077
2026-07-22T17:35:55.355,13.1333,-1.9248,18.4468
2026-07-22T17:35:55.372,13.1333,-1.9052,18.4468
2026-07-22T17:35:55.390,13.1647,-2.0619,18.3294
2026-07-22T17:35:55.394,13.1647,-2.0031,18.4468
2026-07-22T17:35:55.401,13.1647,-1.9835,18.4468
2026-07-22T17:35:55.414,13.1647,-1.8269,18.4273
2026-07-22T17:35:55.419,13.1962,-1.9248,18.4077
2026-07-22T17:35:55.433,13.1962,-1.9444,18.4273
2026-07-22T17:35:55.433,13.1962,-2.0227,18.4664
2026-07-22T17:35:55.456,13.2276,-1.9444,18.3685
2026-07-22T17:35:55.456,13.2276,-2.0031,18.486
2026-07-22T17:35:55.473,13.2371,-1.9444,18.486
2026-07-22T17:35:55.480,13.2437,-1.9444,18.4273
2026-07-22T17:35:55.480,13.2629,-1.9835,18.4664
2026-07-22T17:35:55.505,13.265,-1.9444,18.486
2026-07-22T17:35:55.512,13.2837,-2.0031,18.4273
2026-07-22T17:35:55.528,13.2837,-1.964,18.486
2026-07-22T17:35:55.533,13.2837,-1.964,18.486
2026-07-22T17:35:55.544,13.319,-2.0227,18.4468
2026-07-22T17:35:55.552,13.3237,-1.9444,18.4273
2026-07-22T17:35:55.563,13.349,-1.964,18.4468
2026-07-22T17:35:55.576,13.3509,-1.964,18.3489
2026-07-22T17:35:55.587,13.3555,-1.9444,18.3685
2026-07-22T17:35:55.592,13.357,-1.9835,18.4468
2026-07-22T17:35:55.592,13.3773,-1.9444,18.4468
2026-07-22T17:35:55.608,13.3773,-1.9835,18.486
2026-07-22T17:35:55.624,13.3853,-1.964,18.5447
2026-07-22T17:36:17.378,35.1597,3.127,12.8467
2026-07-22T17:36:17.393,35.1597,3.3033,12.8076
2026-07-22T17:36:17.393,35.1597,3.225,12.8663
2026-07-22T17:36:17.409,35.1898,3.3033,12.8663
2026-07-22T17:36:17.427,35.1898,3.2641,12.8663
2026-07-22T17:36:17.428,35.1898,3.1662,12.8663
2026-07-22T17:36:17.428,35.2075,3.225,12.9251
2026-07-22T17:36:17.458,35.2372,3.1858,12.8272
2026-07-22T17:36:17.458,35.2372,3.1858,12.8663
2026-07-22T17:36:17.473,35.2372,3.1662,12.8272
2026-07-22T17:36:17.476,35.2372,3.1466,12.788
2026-07-22T17:36:17.490,35.2687,3.2445,12.8467
2026-07-22T17:36:17.490,35.2687,3.2054,12.8076
2026-07-22T17:36:17.505,35.2773,3.2445,12.8272
2026-07-22T17:36:17.505,35.2828,3.3033,12.788
2026-07-22T17:36:17.537,35.3003,3.2054,12.9055
2026-07-22T17:36:17.537,35.3003,3.3033,12.8467
2026-07-22T17:36:17.551,35.316,3.2641,12.8076
2026-07-22T17:36:17.553,35.3318,3.225,12.8663
2026-07-22T17:36:17.569,35.3318,3.3033,12.9251
2026-07-22T17:36:17.569,35.3475,3.2641,12.8467
2026-07-22T17:36:17.584,35.3475,3.2641,12.8663
2026-07-22T17:36:17.600,35.3831,3.2054,12.8272
2026-07-22T17:36:17.600,35.3831,3.1466,12.8859
2026-07-22T17:36:17.616,35.3831,3.3816,12.8663
2026-07-22T17:36:17.632,35.4109,3.225,12.8663
2026-07-22T17:36:17.632,35.4109,3.2641,12.8663
2026-07-22T17:36:17.647,35.4109,3.3033,12.9251
2026-07-22T17:36:17.651,35.4267,3.2054,12.8663
2026-07-22T17:36:17.663,35.4474,3.2837,12.8663
2026-07-22T17:36:17.679,35.4474,3.2641,12.8859
2026-07-22T17:36:17.679,35.4598,3.3424,12.9251
2026-07-22T17:36:17.695,35.4659,3.2641,12.9446
2026-07-22T17:36:17.695,35.4833,3.2641,12.9251
2026-07-22T17:36:17.716,35.4908,3.3424,12.9446
2026-07-22T17:36:17.728,35.4908,3.3424,12.8272
2026-07-22T17:36:17.743,35.5226,3.2641,12.9446
2026-07-22T17:36:17.751,35.5226,3.2837,12.8859
2026-07-22T17:36:17.759,35.5226,3.2837,12.9446
2026-07-22T17:36:17.759,35.5383,3.3033,12.7293
2026-07-22T17:36:17.775,35.5542,3.362,13.023
2026-07-22T17:36:17.775,35.5542,3.3033,13.0425
2026-07-22T17:36:17.791,35.5699,3.3229,13.0425
2026-07-22T17:36:17.806,35.5775,3.3424,13.023
2026-07-22T17:36:17.822,35.6012,3.3229,13.0425
2026-07-22T17:36:17.822,35.6012,3.3033,13.1013
2026-07-22T17:36:17.838,35.6012,3.2837,13.16
2026-07-22T17:36:17.846,35.6012,3.362,13.16
2026-07-22T17:36:17.854,35.6334,3.3033,13.1209
2026-07-22T17:36:17.854,35.6334,3.3424,13.1796
2026-07-22T17:36:17.869,35.6334,3.3816,13.16
2026-07-22T17:36:17.886,35.6492,3.3424,13.1992
2026-07-22T17:36:17.902,35.6649,3.3424,13.2188
2026-07-22T17:36:17.902,35.6775,3.2837,13.1796
2026-07-22T17:36:17.917,35.6841,3.3033,13.2384
2026-07-22T17:36:17.933,35.6971,3.4403,13.1992
2026-07-22T17:36:17.933,35.7129,3.3033,13.16
2026-07-22T17:36:17.952,35.7129,3.3424,13.1209
2026-07-22T17:36:17.952,35.7129,3.362,13.1209
2026-07-22T17:36:17.965,35.7448,3.3229,13.16
2026-07-22T17:36:17.965,35.7448,3.4599,13.1992
2026-07-22T17:36:17.981,35.7448,3.3816,13.1796
2026-07-22T17:36:17.997,35.7777,3.4208,13.1796
2026-07-22T17:36:17.997,35.7777,3.4795,13.2188
2026-07-22T17:36:18.013,35.7842,3.3229,13.2579
2026-07-22T17:36:18.029,35.8088,3.4012,13.2579
2026-07-22T17:36:18.029,35.8088,3.362,13.1992
2026-07-22T17:36:18.046,35.8088,3.362,13.2384
2026-07-22T17:36:18.052,35.8248,3.4012,13.1992
2026-07-22T17:36:18.063,35.8405,3.3424,13.2579
2026-07-22T17:36:18.077,35.8405,3.4208,13.2579
2026-07-22T17:36:18.077,35.8405,3.3816,13.2384
2026-07-22T17:36:18.093,35.8777,3.4208,13.2188
2026-07-22T17:36:18.109,35.8777,3.4208,13.2971
2026-07-22T17:36:18.109,35.8847,3.3033,13.3558
2026-07-22T17:36:18.124,35.9034,3.3424,13.3167
2026-07-22T17:36:18.140,35.9034,3.362,13.1992
2026-07-22T17:36:18.153,35.9145,3.3033,13.2579
2026-07-22T17:36:18.156,35.9203,3.3424,13.2579
2026-07-22T17:36:18.172,35.9433,3.3033,13.1796
2026-07-22T17:36:18.183,35.9511,3.3816,13.3363
2026-07-22T17:36:18.188,35.9562,3.4208,13.2579
2026-07-22T17:36:18.205,35.9729,3.3229,13.2971
2026-07-22T17:36:18.211,35.978,3.3816,13.2579
2026-07-22T17:36:18.219,35.9851,3.3033,13.3167
2026-07-22T17:36:18.226,35.9938,3.3229,13.4342
2026-07-22T17:36:18.240,36.0098,3.3424,13.2775
2026-07-22T17:36:18.246,36.0098,3.2837,13.2775
2026-07-22T17:36:18.262,36.0266,3.3033,13.2579
2026-07-22T17:36:18.262,36.0266,3.3424,13.2188
2026-07-22T17:36:18.278,36.0466,3.3033,13.16
2026-07-22T17:36:18.278,36.0524,3.4208,13.1209
2026-07-22T17:36:18.295,36.0718,3.2641,13.1405
2026-07-22T17:36:18.295,36.0783,3.3424,13.16
2026-07-22T17:36:18.320,36.0854,3.3033,13.023
2026-07-22T17:36:18.335,36.1087,3.2054,13.1209
2026-07-22T17:36:18.340,36.1087,3.3424,13.1405
2026-07-22T17:36:18.346,36.1087,3.2641,13.1796
2026-07-22T17:36:18.361,36.1401,3.3229,13.16
2026-07-22T17:36:18.361,36.1401,3.3033,13.1209
2026-07-22T17:36:18.377,36.1401,3.2445,13.0621
2026-07-22T17:36:18.377,36.1401,3.3033,13.023
2026-07-22T17:36:18.393,36.1783,3.2641,13.0034
2026-07-22T17:36:18.408,36.1858,3.2837,13.0621
2026-07-22T17:36:18.408,36.1858,3.2837,12.9838
2026-07-22T17:36:18.433,36.1926,3.2445,12.9838
2026-07-22T17:36:18.446,36.21,3.2837,13.023
2026-07-22T17:36:18.446,36.21,3.3033,13.0817
2026-07-22T17:36:18.461,36.21,3.3229,13.1796
2026-07-22T17:36:18.469,36.2409,3.3229,13.0425
2026-07-22T17:36:18.478,36.2409,3.2641,13.0817
2026-07-22T17:36:18.478,36.2409,3.3424,13.1405
2026-07-22T17:36:18.509,36.2727,3.2641,13.0425
2026-07-22T17:36:18.509,36.2727,3.2445,13.0817
2026-07-22T17:36:18.509,36.2783,3.3033,13.1209
2026-07-22T17:36:18.540,36.3042,3.2641,13.0817
2026-07-22T17:36:18.540,36.3042,3.2837,13.1209
2026-07-22T17:36:18.546,36.3042,3.3033,13.0621
2026-07-22T17:36:18.560,36.3194,3.2445,13.0817
2026-07-22T17:36:18.560,36.3354,3.2837,13.0425
2026-07-22T17:36:18.572,36.3354,3.1662,13.1013
2026-07-22T17:36:18.588,36.3519,3.1662,13.0817
2026-07-22T17:36:18.588,36.3671,3.225,13.0817
2026-07-22T17:36:18.604,36.3671,3.1858,13.0425
2026-07-22T17:36:18.620,36.3999,3.2054,13.1013
2026-07-22T17:36:18.620,36.3999,3.1075,13.023
2026-07-22T17:36:18.635,36.4054,3.1858,13.023
2026-07-22T17:36:18.646,36.4307,3.1858,13.0621
2026-07-22T17:36:18.655,36.4307,3.0879,12.9642
2026-07-22T17:36:18.668,36.4307,3.1858,12.9446
2026-07-22T17:36:18.679,36.4307,3.1075,13.0425
2026-07-22T17:36:18.683,36.4621,3.127,13.1209
2026-07-22T17:36:18.683,36.4621,3.1662,13.0621
2026-07-22T17:36:18.699,36.4621,3.0879,12.8467
2026-07-22T17:36:18.715,36.494,3.1858,13.023
2026-07-22T17:36:18.730,36.494,3.1466,13.023
2026-07-22T17:36:18.730,36.494,3.1075,12.9055
2026-07-22T17:36:18.755,36.5256,3.1466,13.0425
2026-07-22T17:36:18.755,36.5256,3.127,12.9251
2026-07-22T17:36:18.762,36.5348,3.1075,12.9642
2026-07-22T17:36:18.778,36.5573,3.1075,12.9838
2026-07-22T17:36:18.793,36.5573,3.0879,12.9642
2026-07-22T17:36:18.802,36.5573,3.0879,12.9446
2026-07-22T17:36:18.803,36.573,3.0487,12.8663
2026-07-22T17:36:18.810,36.5889,2.99,12.8467
2026-07-22T17:36:18.825,36.5889,3.0291,12.8467
2026-07-22T17:36:18.825,36.6069,3.0096,12.8467
2026-07-22T17:36:18.857,36.6209,3.0487,12.9642
2026-07-22T17:36:18.857,36.6209,2.9704,12.8467
2026-07-22T17:36:18.857,36.6367,2.9704,12.8859
2026-07-22T17:36:18.878,36.6367,2.99,12.8467
2026-07-22T17:36:18.889,36.6528,2.9508,12.8859
2026-07-22T17:36:18.889,36.6528,2.9704,12.9251
2026-07-22T17:36:18.905,36.6872,3.0487,12.9446
2026-07-22T17:36:18.921,36.6872,3.0291,13.0034
2026-07-22T17:36:18.921,36.6872,3.0879,13.1013
2026-07-22T17:36:18.937,36.7003,3.0487,13.0817
2026-07-22T17:36:18.955,36.721,2.99,13.0425
2026-07-22T17:36:18.955,36.7321,2.9704,13.0034
2026-07-22T17:36:18.968,36.7321,2.99,12.9446
2026-07-22T17:36:18.989,36.7478,3.0096,12.9642
2026-07-22T17:36:18.989,36.7478,2.99,12.9251
2026-07-22T17:36:19.000,36.7635,2.8333,13.0425
2026-07-22T17:36:19.000,36.7873,2.9704,13.023
2026-07-22T17:36:19.016,36.7873,2.9312,13.0034
2026-07-22T17:36:19.016,36.7944,3.0291,13.1209
2026-07-22T17:36:19.047,36.8119,2.99,13.1209
2026-07-22T17:36:19.047,36.8119,2.9704,13.1209
2026-07-22T17:36:19.056,36.8271,2.9704,13.1992
2026-07-22T17:36:19.063,36.8271,2.9704,13.1796
2026-07-22T17:36:19.080,36.858,2.9508,13.1013
2026-07-22T17:36:19.080,36.858,3.0096,13.1209
2026-07-22T17:36:19.095,36.858,2.9704,13.1796
2026-07-22T17:36:19.095,36.8896,3.0879,13.1796
2026-07-22T17:36:19.110,36.8896,3.0879,13.1992
2026-07-22T17:36:19.126,36.8896,3.0291,13.2579
2026-07-22T17:36:19.142,36.9213,3.1075,13.2579
2026-07-22T17:36:19.156,36.9213,3.0487,13.2775
2026-07-22T17:36:19.158,36.9213,3.0879,13.2775
2026-07-22T17:36:19.158,36.9213,3.0879,13.2188
2026-07-22T17:36:19.189,36.953,3.0291,13.3363
2026-07-22T17:36:19.189,36.953,3.0291,13.2775
2026-07-22T17:36:19.189,36.953,2.9704,13.3167
2026-07-22T17:36:19.205,36.9881,3.2445,13.3754
2026-07-22T17:36:19.205,36.9881,3.0291,13.3363
2026-07-22T17:36:19.221,36.9881,3.0096,13.3754
2026-07-22T17:36:19.237,37.017,3.1075,13.3167
2026-07-22T17:36:19.247,37.017,3.0487,13.3167
2026-07-22T17:36:19.256,37.017,2.9704,13.3167
2026-07-22T17:36:19.269,37.034,3.0879,13.3167
2026-07-22T17:36:19.269,37.0485,2.9508,13.3363
2026-07-22T17:36:19.285,37.053,3.0096,13.3754
2026-07-22T17:36:19.301,37.0772,2.99,13.3754
2026-07-22T17:36:19.302,37.0772,3.0291,13.3754
2026-07-22T17:36:19.320,37.0808,3.0683,13.4146
2026-07-22T17:36:19.331,37.1081,2.9704,13.3167
2026-07-22T17:36:19.341,37.1081,3.0096,13.3754
2026-07-22T17:36:19.349,37.1081,2.9704,13.1992
2026-07-22T17:36:19.357,37.1081,2.9117,13.3167
2026-07-22T17:36:19.361,37.1399,3.0291,13.2971
2026-07-22T17:36:19.376,37.1399,2.99,13.2579
2026-07-22T17:36:19.376,37.1399,3.0683,13.2971
2026-07-22T17:36:19.393,37.1767,3.0683,13.3558
2026-07-22T17:36:19.408,37.1799,2.99,13.3558
2026-07-22T17:36:19.408,37.1859,3.0291,13.2579
2026-07-22T17:36:19.441,37.2142,2.9704,13.2579
2026-07-22T17:36:19.441,37.2152,2.9704,13.3167
2026-07-22T17:36:19.448,37.2183,3.0683,13.16
2026-07-22T17:36:19.462,37.2426,3.0096,13.2384
2026-07-22T17:36:19.462,37.2426,3.0683,13.1796
2026-07-22T17:36:19.482,37.2426,3.0291,13.1992
2026-07-22T17:36:19.487,37.2572,3.1466,13.1992
2026-07-22T17:36:19.494,37.2795,3.0683,13.1992
2026-07-22T17:36:19.511,37.2795,3.0291,13.2188
2026-07-22T17:36:19.511,37.2896,3.1466,13.16
2026-07-22T17:36:19.525,37.3093,3.0879,13.1796
2026-07-22T17:36:19.545,37.3093,3.1075,13.1992
2026-07-22T17:36:19.548,37.3093,3.1075,13.1405
2026-07-22T17:36:19.558,37.3261,3.127,13.1405
2026-07-22T17:36:19.577,37.3411,3.1466,13.2384
2026-07-22T17:36:19.577,37.3411,3.127,13.1209
2026-07-22T17:36:19.577,37.3569,3.0487,13.1405
2026-07-22T17:36:19.609,37.3795,3.127,13.1405
2026-07-22T17:36:19.609,37.3795,3.0291,13.0425
2026-07-22T17:36:19.609,37.3896,3.0096,13.1405
2026-07-22T17:36:19.625,37.3896,3.1075,13.16
2026-07-22T17:36:19.641,37.4212,3.0683,13.16
2026-07-22T17:36:19.648,37.4212,3.1858,13.0621
2026-07-22T17:36:19.658,37.4212,3.1075,13.1013
2026-07-22T17:36:19.673,37.4525,3.0879,13.1209
2026-07-22T17:36:19.675,37.4525,3.127,13.023
2026-07-22T17:36:19.689,37.4525,3.0683,13.023
2026-07-22T17:36:19.689,37.4682,3.1075,13.0034
2026-07-22T17:36:19.705,37.49,3.0683,12.9251
2026-07-22T17:36:19.705,37.49,3.0683,12.9838
2026-07-22T17:36:19.721,37.5,3.1075,12.8467
2026-07-22T17:36:19.736,37.5,3.0291,12.9446
2026-07-22T17:36:19.752,37.5157,3.1466,13.023
2026-07-22T17:36:19.758,37.5157,3.2054,12.9838
2026-07-22T17:36:19.768,37.534,3.0879,13.0034
2026-07-22T17:36:19.784,37.5474,3.1075,12.9838
2026-07-22T17:36:19.784,37.5474,3.0487,13.0621
2026-07-22T17:36:19.800,37.5632,3.1075,13.1209
2026-07-22T17:36:19.802,37.5796,3.0879,12.9838
2026-07-22T17:36:19.816,37.5796,3.0291,13.0425
2026-07-22T17:36:19.831,37.5902,3.1075,13.023
2026-07-22T17:36:19.831,37.6109,3.0291,12.9251
2026-07-22T17:36:19.848,37.6109,3.0879,12.9838
2026-07-22T17:36:19.858,37.6109,3.1075,12.9838
2026-07-22T17:36:19.863,37.6425,3.0487,12.9838
2026-07-22T17:36:19.879,37.6425,3.0683,13.0425
2026-07-22T17:36:19.879,37.6582,3.1662,12.9642
2026-07-22T17:36:19.895,37.6796,3.127,13.0621
2026-07-22T17:36:19.911,37.6796,3.0879,13.023
2026-07-22T17:36:19.911,37.6902,3.0683,13.0425
2026-07-22T17:36:19.926,37.6907,3.1075,13.023
2026-07-22T17:36:19.942,37.7062,3.0879,13.0817
2026-07-22T17:36:19.948,37.7062,3.0291,13.0817
2026-07-22T17:36:19.959,37.7062,3.0291,13.0034
2026-07-22T17:36:19.974,37.738,3.0487,12.9446
2026-07-22T17:36:19.974,37.738,3.0879,12.9251
2026-07-22T17:36:19.974,37.7549,3.0683,12.8663
2026-07-22T17:36:20.006,37.7795,3.0683,12.9642
2026-07-22T17:36:20.006,37.7795,3.127,12.9642
2026-07-22T17:36:20.023,37.7858,3.1075,12.9642
2026-07-22T17:36:20.023,37.791,3.127,13.0034
2026-07-22T17:36:20.038,37.8015,3.0879,12.9642
2026-07-22T17:36:20.048,37.8182,3.0879,12.9838
2026-07-22T17:36:20.059,37.8182,3.1466,12.9838
2026-07-22T17:36:20.070,37.8489,3.0683,12.9251
2026-07-22T17:36:20.085,37.8489,3.0879,12.9642
2026-07-22T17:36:20.086,37.8489,3.1075,12.9446
2026-07-22T17:36:20.101,37.8808,3.0879,12.9446
2026-07-22T17:36:20.101,37.8808,3.127,12.9055
2026-07-22T17:36:20.117,37.8913,3.1075,12.9251
2026-07-22T17:36:20.133,37.9128,3.0879,12.9055
2026-07-22T17:36:20.149,37.9128,3.0879,12.9642
2026-07-22T17:36:20.149,37.9128,3.0683,12.9838
2026-07-22T17:36:20.160,37.9285,3.127,13.0034
2026-07-22T17:36:20.165,37.9445,3.127,12.9838
2026-07-22T17:36:20.181,37.9445,3.0683,12.8467
2026-07-22T17:36:20.181,37.9603,3.0683,12.788
2026-07-22T17:36:20.197,37.9603,3.1075,12.7293
2026-07-22T17:36:20.213,37.9918,3.0879,12.7097
2026-07-22T17:36:20.213,37.9918,3.0487,12.8272
2026-07-22T17:36:20.228,37.9918,2.99,12.7488
2026-07-22T17:36:20.228,38.0075,3.0291,12.7293
2026-07-22T17:36:20.248,38.0235,3.0291,12.7097
2026-07-22T17:36:20.248,38.0235,3.1075,12.7488
2026-07-22T17:36:20.260,38.0406,3.127,12.7684
2026-07-22T17:36:20.276,38.0406,3.0096,12.7684
2026-07-22T17:36:20.292,38.0803,3.127,12.7684
2026-07-22T17:36:20.292,38.0869,3.1075,12.6705
2026-07-22T17:36:20.309,38.0869,3.0683,12.7684
2026-07-22T17:36:20.309,38.0869,3.1662,12.7684
2026-07-22T17:36:20.339,38.1197,3.0879,12.7488
2026-07-22T17:36:20.339,38.1197,3.0683,12.788
2026-07-22T17:36:20.348,38.1197,3.0879,12.7488
2026-07-22T17:36:20.361,38.1197,3.1075,12.8859
2026-07-22T17:36:20.371,38.1513,3.1075,12.7488
2026-07-22T17:36:20.371,38.1601,2.99,12.6509
2026-07-22T17:36:20.388,38.1696,3.0683,12.6314
2026-07-22T17:36:20.388,38.1773,3.0487,12.553
2026-07-22T17:36:20.403,38.1941,2.9704,12.4943
2026-07-22T17:36:20.420,38.1941,2.99,12.416
2026-07-22T17:36:20.438,38.2097,3.0096,12.4747
2026-07-22T17:36:20.443,38.2097,3.0879,12.4355
2026-07-22T17:36:20.455,38.2413,3.1075,12.553
2026-07-22T17:36:20.462,38.2413,3.1075,12.5726
2026-07-22T17:36:20.462,38.2413,3.1858,12.5334
2026-07-22T17:36:20.478,38.2603,3.0096,12.5726
2026-07-22T17:36:20.494,38.2894,3.1466,12.5922
2026-07-22T17:36:20.494,38.2914,3.1466,12.5922
2026-07-22T17:36:20.494,38.2914,3.1075,12.6118
2026-07-22T17:36:20.510,38.3008,3.2445,12.6118
2026-07-22T17:36:20.533,38.3078,3.127,12.5922
2026-07-22T17:36:20.542,38.3268,3.1662,12.6118
2026-07-22T17:36:20.552,38.3268,3.2641,12.6118
2026-07-22T17:36:20.562,38.3268,3.2445,12.7488
2026-07-22T17:36:20.571,38.3426,3.3229,12.7293
2026-07-22T17:36:20.595,38.3583,3.2445,12.7684
2026-07-22T17:36:20.595,38.3583,3.3229,12.7684
2026-07-22T17:36:20.595,38.3583,3.362,12.788
2026-07-22T17:36:20.611,38.3804,3.225,12.8467
2026-07-22T17:36:20.611,38.3804,3.3424,12.8272
2026-07-22T17:36:20.627,38.3957,3.3033,12.8272
2026-07-22T17:36:20.627,38.4116,3.3229,12.9251
2026-07-22T17:36:20.649,38.4116,3.362,12.9251
2026-07-22T17:36:20.664,38.4436,3.3424,12.9251
2026-07-22T17:36:20.664,38.4436,3.362,13.023
2026-07-22T17:36:20.680,38.4436,3.3229,12.9838
2026-07-22T17:36:20.680,38.4436,3.362,13.0817
2026-07-22T17:36:20.696,38.4808,3.4208,13.16
2026-07-22T17:36:20.696,38.4808,3.3816,13.1405
2026-07-22T17:36:20.712,38.4808,3.597,13.1209
2026-07-22T17:36:20.728,38.5073,3.3816,13.1796
2026-07-22T17:36:20.744,38.523,3.362,13.16
2026-07-22T17:36:20.749,38.523,3.4991,13.1796
2026-07-22T17:36:20.762,38.5387,3.4403,13.1796
2026-07-22T17:36:20.762,38.5555,3.4599,13.2775
2026-07-22T17:36:20.775,38.5555,3.4991,13.2775
2026-07-22T17:36:20.791,38.5706,3.4599,13.2188
2026-07-22T17:36:20.791,38.5706,3.4795,13.1796
2026-07-22T17:36:20.807,38.581,3.4403,13.16
2026-07-22T17:36:20.824,38.6026,3.4599,13.2579
2026-07-22T17:36:20.824,38.6026,3.4991,13.2384
2026-07-22T17:36:20.839,38.6187,3.4599,13.2971
2026-07-22T17:36:20.849,38.6187,3.4991,13.2775
2026-07-22T17:36:20.862,38.6502,3.5382,13.2971
2026-07-22T17:36:20.862,38.6502,3.4599,13.3363
2026-07-22T17:36:20.887,38.6659,3.597,13.3558
2026-07-22T17:36:20.887,38.6659,3.5382,13.2775
2026-07-22T17:36:20.903,38.681,3.5578,13.2775
2026-07-22T17:36:20.903,38.6946,3.4012,13.2188
2026-07-22T17:36:20.918,38.6972,3.3816,13.4733
2026-07-22T17:36:20.918,38.6972,3.5382,13.1992
2026-07-22T17:36:20.934,38.6972,3.4599,13.2188
2026-07-22T17:36:20.949,38.7286,3.5382,13.2384
2026-07-22T17:36:20.949,38.7286,3.5578,13.16
2026-07-22T17:36:20.965,38.7286,3.4599,13.1796
2026-07-22T17:36:20.965,38.7443,3.4991,13.2188
2026-07-22T17:36:20.997,38.76,3.4599,13.0817
2026-07-22T17:36:20.997,38.7758,3.4012,13.16
2026-07-22T17:36:21.012,38.7809,3.4795,13.1405
2026-07-22T17:36:21.028,38.8077,3.4403,13.2384
2026-07-22T17:36:21.028,38.8077,3.4991,13.1992
2026-07-22T17:36:21.028,38.8077,3.4991,13.1796
2026-07-22T17:36:21.049,38.8077,3.4403,13.1796
2026-07-22T17:36:21.063,38.8409,3.4991,13.1405
2026-07-22T17:36:21.063,38.8409,3.4012,13.1209
2026-07-22T17:36:21.076,38.8409,3.4599,13.16
2026-07-22T17:36:21.076,38.8552,3.4012,13.1992
2026-07-22T17:36:21.109,38.8866,3.4012,13.2579
2026-07-22T17:36:21.109,38.8866,3.3816,13.1992
2026-07-22T17:36:21.123,38.8866,3.3816,13.1992
2026-07-22T17:36:21.139,38.9185,3.4795,13.2775
2026-07-22T17:36:21.139,38.9185,3.4599,13.1992
2026-07-22T17:36:21.149,38.9185,3.4403,13.2188
2026-07-22T17:36:21.155,38.9343,3.4403,13.0425
2026-07-22T17:36:21.171,38.9343,3.4403,13.0425
2026-07-22T17:36:21.187,38.9657,3.4208,13.1013
2026-07-22T17:36:21.187,38.9657,3.4599,13.1209
2026-07-22T17:36:21.202,38.9657,3.3424,13.1013
2026-07-22T17:36:21.202,38.9813,3.4991,13.1013
2026-07-22T17:36:21.218,39.0128,3.3816,13.0034
2026-07-22T17:36:21.218,39.0128,3.3229,13.0034
2026-07-22T17:36:21.234,39.0128,3.4012,12.9055
2026-07-22T17:36:21.250,39.0128,3.225,12.7488
2026-07-22T17:36:21.250,39.0453,3.3033,12.8663
2026-07-22T17:36:21.265,39.0453,3.3229,12.8859
2026-07-22T17:36:21.281,39.0453,3.3229,12.9251
2026-07-22T17:36:21.281,39.0604,3.4599,13.0817
2026-07-22T17:36:21.297,39.0604,3.3229,13.023
2026-07-22T17:36:21.313,39.0817,3.3816,13.1796
2026-07-22T17:36:21.314,39.0918,3.3424,13.0034
2026-07-22T17:36:21.329,39.0963,3.2641,13.0034
2026-07-22T17:36:21.329,39.1239,3.4403,12.9251
2026-07-22T17:36:21.350,39.1239,3.4403,12.9642
2026-07-22T17:36:21.364,39.1239,3.3816,13.16
2026-07-22T17:36:21.364,39.1396,3.4795,13.1405
2026-07-22T17:36:21.392,39.1683,3.4208,13.16
2026-07-22T17:36:21.392,39.1683,3.4403,13.16
2026-07-22T17:36:21.392,39.1721,3.4012,13.0621
2026-07-22T17:36:21.408,39.1729,3.362,13.1013
2026-07-22T17:36:21.423,39.1966,3.3424,13.023
2026-07-22T17:36:21.430,39.2027,3.5774,12.8859
2026-07-22T17:36:21.441,39.2027,3.3033,12.8272
2026-07-22T17:36:21.450,39.2347,3.3033,12.6901
2026-07-22T17:36:21.455,39.2347,3.1858,12.6118
2026-07-22T17:36:21.471,39.2502,3.3033,12.5922
2026-07-22T17:36:21.471,39.2502,3.1858,12.4943
2026-07-22T17:36:21.503,39.2818,3.2837,12.5139
2026-07-22T17:36:21.503,39.2823,3.2641,12.4943
2026-07-22T17:36:21.518,39.2913,3.1662,12.5726
2026-07-22T17:36:21.518,39.294,3.2641,12.5334
2026-07-22T17:36:21.534,39.3106,3.1662,12.5726
2026-07-22T17:36:21.534,39.3257,3.1075,12.5922
2026-07-22T17:36:21.554,39.3257,3.2445,12.5139
2026-07-22T17:36:21.561,39.3257,3.1662,12.5726
2026-07-22T17:36:21.579,39.3573,3.2445,12.6118
2026-07-22T17:36:21.579,39.3573,3.1662,12.5334
2026-07-22T17:36:21.579,39.3573,3.1662,12.6118
2026-07-22T17:36:21.594,39.373,3.2837,12.6118
2026-07-22T17:36:21.610,39.4021,3.1858,12.6901
2026-07-22T17:36:21.610,39.4051,3.2641,12.7097
2026-07-22T17:36:21.626,39.4081,3.3424,12.6314
2026-07-22T17:36:21.641,39.4133,3.127,12.6901
2026-07-22T17:36:21.650,39.4284,3.2837,12.6901
2026-07-22T17:36:21.664,39.4284,3.2641,12.7097
2026-07-22T17:36:21.676,39.4441,3.3229,12.5922
2026-07-22T17:36:21.682,39.4441,3.3816,12.5922
2026-07-22T17:36:21.697,39.4759,3.3033,12.6509
2026-07-22T17:36:21.697,39.4759,3.2837,12.5922
2026-07-22T17:36:21.712,39.482,3.2837,12.5922
2026-07-22T17:36:21.712,39.4915,3.2837,12.553
2026-07-22T17:36:21.729,39.5121,3.3229,12.6314
2026-07-22T17:36:21.744,39.5121,3.3033,12.5922
2026-07-22T17:36:21.750,39.5121,3.3424,12.7293
2026-07-22T17:36:21.760,39.528,3.3816,12.6509
2026-07-22T17:36:21.778,39.5597,3.362,12.7293
2026-07-22T17:36:21.780,39.5597,3.4012,12.7488
2026-07-22T17:36:21.780,39.5597,3.3229,12.7488
2026-07-22T17:36:21.796,39.5755,3.3229,12.6901
2026-07-22T17:36:21.796,39.5987,3.3229,12.5922
2026-07-22T17:36:21.813,39.5987,3.2445,12.6509
2026-07-22T17:36:21.828,39.6093,3.2837,12.7097
2026-07-22T17:36:21.828,39.6093,3.3033,12.7684
2026-07-22T17:36:21.860,39.6397,3.3424,12.7488
2026-07-22T17:36:21.860,39.6397,3.3229,12.7293
2026-07-22T17:36:21.876,39.6558,3.2641,12.7293
2026-07-22T17:36:21.892,39.6558,3.3424,12.7097
2026-07-22T17:36:21.892,39.6558,3.2641,12.7488
2026-07-22T17:36:21.908,39.688,3.2054,12.8663
2026-07-22T17:36:21.908,39.688,3.2837,12.553
2026-07-22T17:36:21.924,39.6991,3.1858,12.6509
2026-07-22T17:36:21.924,39.7041,3.3033,12.788
2026-07-22T17:36:21.951,39.7198,3.3816,12.7488
2026-07-22T17:36:21.951,39.7198,3.2445,12.7684
2026-07-22T17:36:21.967,39.7355,3.3229,12.7097
2026-07-22T17:36:21.972,39.7355,3.2445,12.5726
2026-07-22T17:36:21.972,39.768,3.1662,12.5139
2026-07-22T17:36:21.988,39.768,3.1662,12.4747
2026-07-22T17:36:21.988,39.768,3.0683,12.4747
2026-07-22T17:36:22.004,39.7826,3.1075,12.3964
2026-07-22T17:36:22.019,39.8144,3.1075,12.4747
2026-07-22T17:36:22.019,39.8144,3.127,12.4747
2026-07-22T17:36:22.036,39.8144,3.1075,12.4355
2026-07-22T17:36:22.051,39.8301,3.0879,12.4747
2026-07-22T17:36:22.067,39.8616,3.1075,12.4551
2026-07-22T17:36:22.068,39.8616,3.127,12.416
2026-07-22T17:36:22.083,39.8616,3.0683,12.4551
2026-07-22T17:36:22.083,39.8616,3.1662,12.4747
2026-07-22T17:36:22.098,39.8829,3.0683,12.3964
2026-07-22T17:36:22.098,39.9091,3.1662,12.3768
2026-07-22T17:36:22.114,39.9091,3.1075,12.3572
2026-07-22T17:36:22.130,39.9248,3.0291,12.3964
2026-07-22T17:36:22.130,39.9248,3.0879,12.3768
2026-07-22T17:36:22.151,39.9248,3.0683,12.3768
2026-07-22T17:36:22.168,39.9728,3.1662,12.3376
2026-07-22T17:36:22.177,39.9728,3.1466,12.2985
2026-07-22T17:36:22.177,39.9728,3.0487,12.3572
2026-07-22T17:36:22.177,39.9829,3.1075,12.3376
2026-07-22T17:36:22.193,39.9879,3.127,12.3572
2026-07-22T17:36:22.210,39.9879,3.127,12.3964
2026-07-22T17:36:22.210,40.0193,3.0487,12.3768
2026-07-22T17:36:22.225,40.0193,3.0291,12.3768
2026-07-22T17:36:22.241,40.0193,3.127,12.4355
2026-07-22T17:36:22.251,40.035,3.0879,12.3572
2026-07-22T17:36:22.256,40.035,3.4208,12.3768
2026-07-22T17:36:22.272,40.0669,3.127,12.3572
2026-07-22T17:36:22.272,40.0669,3.0291,12.3572
2026-07-22T17:36:22.287,40.0831,3.0879,12.3572
2026-07-22T17:36:22.303,40.0831,3.0291,12.416
2026-07-22T17:36:22.303,40.0831,3.0879,12.3376
2026-07-22T17:36:22.321,40.1158,3.0879,12.3572
2026-07-22T17:36:22.335,40.1158,3.1466,12.416
2026-07-22T17:36:22.335,40.1158,3.1075,12.4747
2026-07-22T17:36:22.351,40.1309,3.1466,12.4551
2026-07-22T17:36:22.351,40.1309,3.1662,12.4747
2026-07-22T17:36:22.368,40.1623,3.127,12.5334
2026-07-22T17:36:22.368,40.1623,3.0683,12.4551
2026-07-22T17:36:22.384,40.178,3.1466,12.4747
2026-07-22T17:36:22.399,40.178,3.2054,12.4747
2026-07-22T17:36:22.415,40.2007,3.0879,12.5334
2026-07-22T17:36:22.415,40.2103,3.2054,12.5922
2026-07-22T17:36:22.431,40.2103,3.1075,12.4943
2026-07-22T17:36:22.431,40.2103,3.1858,12.5726
2026-07-22T17:36:22.451,40.2263,3.1466,12.4747
2026-07-22T17:36:33.416,51.2052,0.2291,14.3936
2026-07-22T17:36:33.429,51.2052,0.2291,14.3936
2026-07-22T17:36:33.434,51.2138,0.2487,14.4524
2026-07-22T17:36:33.443,51.2167,0.2095,14.4524
2026-07-22T17:36:33.449,51.2269,0.1899,14.5111
2026-07-22T17:36:33.469,51.2479,0.2487,14.4132
2026-07-22T17:36:33.469,51.2479,0.2095,14.4132
2026-07-22T17:36:33.482,51.2636,0.1899,14.4328
2026-07-22T17:36:33.485,51.2756,0.2683,14.5111
2026-07-22T17:36:33.500,51.3113,0.2095,14.5307
2026-07-22T17:36:33.516,51.3158,0.3662,14.6678
2026-07-22T17:36:33.516,51.3179,0.327,14.8244
2026-07-22T17:36:33.532,51.327,0.327,14.9027
2026-07-22T17:36:33.532,51.327,0.3074,14.8831
2026-07-22T17:36:33.548,51.3356,0.3074,15.0006
2026-07-22T17:36:33.560,51.3655,0.3857,15.0594
2026-07-22T17:36:33.564,51.3655,0.4249,15.1181
2026-07-22T17:36:33.564,51.3712,0.2878,15.2943
2026-07-22T17:36:33.590,51.3815,0.4445,15.5293
2026-07-22T17:36:33.604,51.3835,0.4445,15.4901
2026-07-22T17:36:33.609,51.4137,0.5228,15.6272
2026-07-22T17:36:33.627,51.4157,0.5228,15.6272
2026-07-22T17:36:33.627,51.4157,0.4836,15.6664
2026-07-22T17:36:33.639,51.4238,0.4836,15.6468
2026-07-22T17:36:33.652,51.4258,0.4249,15.6664
2026-07-22T17:36:33.664,51.4541,0.4445,15.7839
2026-07-22T17:36:33.674,51.4606,0.5032,15.7643
2026-07-22T17:36:33.674,51.4636,0.4053,15.7055
2026-07-22T17:36:33.684,51.47,0.5228,15.686
2026-07-22T17:36:33.698,51.5013,0.4445,15.588
2026-07-22T17:36:33.710,51.5013,0.4836,15.6076
2026-07-22T17:36:33.721,51.5013,0.5424,15.6272
2026-07-22T17:36:33.732,51.513,0.3857,15.686
2026-07-22T17:36:33.738,51.5164,0.5424,15.6468
2026-07-22T17:36:33.753,51.5477,0.4641,15.6272
2026-07-22T17:36:33.769,51.5477,0.4445,15.5685
2026-07-22T17:36:33.769,51.5477,0.4445,15.5293
2026-07-22T17:36:33.781,51.5634,0.4836,15.5293
2026-07-22T17:36:33.785,51.5738,0.4641,15.5293
2026-07-22T17:36:33.785,51.5993,0.4249,15.5293
2026-07-22T17:36:33.816,51.6033,0.3857,15.5293
2026-07-22T17:36:33.816,51.6043,0.4836,15.451
2026-07-22T17:36:33.816,51.6103,0.4053,15.4901
2026-07-22T17:36:33.844,51.6199,0.4836,15.6076
2026-07-22T17:36:33.849,51.6485,0.5032,15.6076
2026-07-22T17:36:33.865,51.6508,0.4836,15.8426
2026-07-22T17:36:33.872,51.6551,0.5228,15.9797
2026-07-22T17:36:33.878,51.6614,0.6011,15.9601
2026-07-22T17:36:33.889,51.6633,0.4836,16.0384
2026-07-22T17:36:33.896,51.6978,0.5032,15.9797
2026-07-22T17:36:33.911,51.6978,0.4249,15.9992
2026-07-22T17:36:33.919,51.7084,0.4641,15.7447
2026-07-22T17:36:33.931,51.712,0.3857,15.6664
2026-07-22T17:36:33.931,51.7405,0.3857,15.823
2026-07-22T17:36:33.958,51.7469,0.5032,15.7643
2026-07-22T17:36:33.958,51.7469,0.4249,15.7447
2026-07-22T17:36:33.966,51.7469,0.4641,15.7251
2026-07-22T17:36:33.985,51.7599,0.5032,15.7643
2026-07-22T17:36:34.005,51.776,0.3662,15.6272
2026-07-22T17:36:34.005,51.776,0.4249,15.6272
2026-07-22T17:36:34.008,51.7937,0.4053,15.6272
2026-07-22T17:36:34.015,51.7998,0.4836,15.6664
2026-07-22T17:36:34.028,51.8048,0.4445,15.6664
2026-07-22T17:36:34.044,51.8304,0.4836,15.686
2026-07-22T17:36:34.044,51.8304,0.5228,15.7251
2026-07-22T17:36:34.044,51.8366,0.3662,15.7643
2026-07-22T17:36:34.073,51.8459,0.5032,15.7447
2026-07-22T17:36:34.091,51.8796,0.4053,15.6076
2026-07-22T17:36:34.094,51.8828,0.3466,15.6664
2026-07-22T17:36:34.099,51.8848,0.4445,15.5293
2026-07-22T17:36:34.107,51.8848,0.4249,15.5685
2026-07-22T17:36:34.114,51.9197,0.327,15.7055
2026-07-22T17:36:34.130,51.925,0.5032,15.7839
2026-07-22T17:36:34.130,51.925,0.3662,15.7251
2026-07-22T17:36:34.151,51.9297,0.4836,15.7055
2026-07-22T17:36:34.153,51.9297,0.4445,15.6468
2026-07-22T17:36:34.165,51.9563,0.4053,15.7643
2026-07-22T17:36:34.177,51.9723,0.4249,15.823
2026-07-22T17:36:34.188,51.977,0.4445,15.7447
2026-07-22T17:36:34.198,51.979,0.4249,15.7055
2026-07-22T17:36:34.209,51.9902,0.4249,15.7643
2026-07-22T17:36:34.225,52.0192,0.4249,15.8622
2026-07-22T17:36:34.225,52.0192,0.5815,15.9013
2026-07-22T17:36:34.238,52.0228,0.4836,15.8622
2026-07-22T17:36:34.247,52.0344,0.4249,15.8034
2026-07-22T17:36:34.256,52.0344,0.4641,15.7447
2026-07-22T17:36:34.265,52.0533,0.3857,15.6664
2026-07-22T17:36:34.272,52.0674,0.4836,15.7643
2026-07-22T17:36:34.291,52.0674,0.4249,15.7643
2026-07-22T17:36:34.303,52.0828,0.327,15.8034
2026-07-22T17:36:34.303,52.102,0.5032,15.8426
2026-07-22T17:36:34.321,52.1142,0.4445,15.8034
2026-07-22T17:36:34.321,52.1142,0.4445,15.7447
2026-07-22T17:36:34.336,52.1267,0.3857,15.686
2026-07-22T17:36:34.351,52.135,0.3662,15.7447
2026-07-22T17:36:34.360,52.135,0.4249,15.6272
2026-07-22T17:36:34.367,52.1667,0.3857,15.5489
2026-07-22T17:36:34.382,52.1667,0.4053,15.588
2026-07-22T17:36:34.382,52.1751,0.3857,15.5293
2026-07-22T17:36:34.403,52.1801,0.3466,15.6272
2026-07-22T17:36:34.403,52.1801,0.4249,15.5489
2026-07-22T17:36:34.430,52.2124,0.2878,15.5097
2026-07-22T17:36:34.430,52.2124,0.3662,15.451
2026-07-22T17:36:34.435,52.2124,0.4249,15.4118
2026-07-22T17:36:34.448,52.2265,0.2683,15.4314
2026-07-22T17:36:34.448,52.2538,0.3662,15.4901
2026-07-22T17:36:34.475,52.2538,0.4053,15.4118
2026-07-22T17:36:34.481,52.2715,0.3466,15.3922
2026-07-22T17:36:34.490,52.2762,0.3466,15.3139
2026-07-22T17:36:34.495,52.2813,0.3074,15.2943
2026-07-22T17:36:34.506,52.2854,0.3466,15.2748
2026-07-22T17:36:34.522,52.3143,0.3662,15.2748
2026-07-22T17:36:34.522,52.319,0.2878,15.2748
2026-07-22T17:36:34.540,52.3277,0.3074,15.2552
2026-07-22T17:36:34.549,52.3302,0.2683,15.1573
2026-07-22T17:36:34.565,52.3643,0.3074,15.2356
2026-07-22T17:36:34.570,52.3643,0.327,15.3335
2026-07-22T17:36:34.583,52.3643,0.3466,15.3139
2026-07-22T17:36:34.587,52.3779,0.5424,15.3139
2026-07-22T17:36:34.598,52.3836,0.2291,15.2552
2026-07-22T17:36:34.617,52.4207,0.3074,15.3139
2026-07-22T17:36:34.617,52.4207,0.327,15.2748
2026-07-22T17:36:34.632,52.4261,0.2487,15.1573
2026-07-22T17:36:34.632,52.4299,0.3466,15.1573
2026-07-22T17:36:34.652,52.4343,0.2683,15.0789
2026-07-22T17:36:34.652,52.4595,0.2683,15.0985
2026-07-22T17:36:34.680,52.4766,0.2878,15.1769
2026-07-22T17:36:34.680,52.4766,0.2291,15.1769
2026-07-22T17:36:34.689,52.4827,0.3466,15.216
2026-07-22T17:36:34.702,52.4848,0.2487,15.216
2026-07-22T17:36:34.710,52.4923,0.327,15.2552
2026-07-22T17:36:34.728,52.5238,0.3466,15.2552
2026-07-22T17:36:34.728,52.5238,0.2291,15.2552
2026-07-22T17:36:34.745,52.5324,0.2487,15.216
2026-07-22T17:36:34.751,52.5389,0.1704,15.1377
2026-07-22T17:36:34.753,52.5405,0.1899,15.216
2026-07-22T17:36:34.776,52.5787,0.3074,15.216
2026-07-22T17:36:34.776,52.5787,0.3662,15.1573
2026-07-22T17:36:34.792,52.5862,0.2487,15.1377
2026-07-22T17:36:34.801,52.5862,0.2487,14.981
2026-07-22T17:36:34.809,52.6043,0.1312,15.0006
2026-07-22T17:36:34.814,52.6063,0.2683,15.0202
2026-07-22T17:36:34.839,52.6349,0.2683,15.0398
2026-07-22T17:36:34.839,52.6349,0.2487,15.1181
2026-07-22T17:36:34.847,52.6457,0.2487,15.1377
2026-07-22T17:36:34.854,52.6513,0.2683,15.1964
2026-07-22T17:36:34.869,52.6578,0.2878,15.1769
2026-07-22T17:36:34.874,52.6817,0.2291,15.1377
2026-07-22T17:36:34.886,52.6817,0.2095,15.1769
2026-07-22T17:36:34.903,52.6977,0.3074,15.0985
2026-07-22T17:36:34.911,52.6977,0.1899,15.1377
2026-07-22T17:36:34.926,52.7095,0.3074,15.1769
2026-07-22T17:36:34.932,52.7184,0.3662,15.1769
2026-07-22T17:36:34.941,52.7462,0.2095,15.2356
2026-07-22T17:36:34.950,52.7492,0.3074,15.2943
2026-07-22T17:36:34.950,52.7545,0.2878,15.3139
2026-07-22T17:36:34.966,52.7635,0.3466,15.3335
2026-07-22T17:36:34.982,52.7677,0.327,15.2748
2026-07-22T17:36:34.991,52.7677,0.2878,15.3531
2026-07-22T17:36:35.002,52.7968,0.3662,15.3335
2026-07-22T17:36:35.014,52.8028,0.2291,15.2943
2026-07-22T17:36:35.028,52.8086,0.2878,15.2748
2026-07-22T17:36:35.028,52.8086,0.3857,15.3335
2026-07-22T17:36:35.036,52.8144,0.2683,15.4118
2026-07-22T17:36:35.043,52.8479,0.3466,15.5097
2026-07-22T17:36:35.059,52.8509,0.4053,15.4706
2026-07-22T17:36:35.071,52.8549,0.2683,15.4314
2026-07-22T17:36:35.083,52.8608,0.3074,15.4706
2026-07-22T17:36:35.092,52.8608,0.3074,15.4706
2026-07-22T17:36:35.110,52.8915,0.3857,15.5489
2026-07-22T17:36:35.110,52.8915,0.3662,15.3922
2026-07-22T17:36:35.119,52.897,0.2878,15.4706
2026-07-22T17:36:35.129,52.9072,0.4053,15.4706
2026-07-22T17:36:35.138,52.9135,0.3662,15.4706
2026-07-22T17:36:35.144,52.9411,0.3662,15.5097
2026-07-22T17:36:35.165,52.9471,0.3466,15.5685
2026-07-22T17:36:35.175,52.9505,0.3074,15.5097
2026-07-22T17:36:35.175,52.9505,0.4445,15.5489
2026-07-22T17:36:35.191,52.9847,0.327,15.4706
2026-07-22T17:36:35.191,52.9847,0.3466,15.1573
2026-07-22T17:36:35.208,52.9969,0.3074,15.5293
2026-07-22T17:36:35.219,53.0014,0.3466,15.588
2026-07-22T17:36:35.228,53.0073,0.3857,15.7447
2026-07-22T17:36:35.244,53.0389,0.3466,15.686
2026-07-22T17:36:35.244,53.0389,0.3466,15.6664
2026-07-22T17:36:35.261,53.0473,0.4053,15.5293
2026-07-22T17:36:35.270,53.0547,0.327,15.5293
2026-07-22T17:36:35.275,53.0707,0.4053,15.4901
2026-07-22T17:36:35.291,53.1002,0.327,15.4706
2026-07-22T17:36:35.291,53.1022,0.2878,15.5489
2026-07-22T17:36:35.307,53.1022,0.3662,15.5097
2026-07-22T17:36:35.316,53.1022,0.2878,15.451
2026-07-22T17:36:35.323,53.1181,0.2878,15.5489
2026-07-22T17:36:35.339,53.1278,0.3466,15.4314
2026-07-22T17:36:35.339,53.1494,0.2878,15.4118
2026-07-22T17:36:35.355,53.1494,0.327,15.4118
2026-07-22T17:36:35.370,53.1615,0.1899,15.2943
2026-07-22T17:36:35.370,53.1655,0.2487,15.2748
2026-07-22T17:36:35.386,53.1705,0.2878,15.1769
2026-07-22T17:36:35.402,53.2015,0.2095,15.1964
2026-07-22T17:36:35.416,53.2015,0.2878,15.216
2026-07-22T17:36:35.418,53.2015,0.2095,15.1573
2026-07-22T17:36:35.430,53.2162,0.2487,15.1964
2026-07-22T17:36:35.440,53.2162,0.2095,15.2356
2026-07-22T17:36:35.457,53.2517,0.1704,15.1964
2026-07-22T17:36:35.457,53.2517,0.2683,15.1573
2026-07-22T17:36:35.470,53.2517,0.2095,15.0985
2026-07-22T17:36:35.470,53.2635,0.1508,15.1573
2026-07-22T17:36:35.484,53.2635,0.1899,15.1181
2026-07-22T17:36:35.497,53.2991,0.1704,15.0789
2026-07-22T17:36:35.515,53.2991,0.1704,15.1181
2026-07-22T17:36:35.520,53.3046,0.1899,15.0985
2026-07-22T17:36:35.532,53.3175,0.2291,15.1377
2026-07-22T17:36:35.532,53.3244,0.1899,15.1181
2026-07-22T17:36:35.560,53.3535,0.0529,15.1377
2026-07-22T17:36:35.560,53.3535,0.1116,15.216
2026-07-22T17:36:35.567,53.3535,0.1508,15.1769
2026-07-22T17:36:35.591,53.3634,0.1116,15.1573
2026-07-22T17:36:35.593,53.3634,0.1508,15.1964
2026-07-22T17:36:35.597,53.3912,0.1508,15.216
2026-07-22T17:36:35.606,53.3995,0.092,15.216
2026-07-22T17:36:35.622,53.4032,0.1704,15.2356
2026-07-22T17:36:35.632,53.412,0.1312,15.2552
2026-07-22T17:36:35.638,53.4189,0.2095,15.2552
2026-07-22T17:36:35.653,53.4488,0.1508,15.1377
2026-07-22T17:36:35.653,53.4488,0.1704,15.1181
2026-07-22T17:36:35.671,53.4646,0.1704,15.1377
2026-07-22T17:36:35.680,53.4734,0.1116,15.1181
2026-07-22T17:36:35.697,53.4805,0.1116,15.2356
2026-07-22T17:36:35.697,53.5079,0.1508,15.2552
2026-07-22T17:36:35.717,53.5142,0.1704,15.2552
2026-07-22T17:36:35.717,53.5183,0.1508,15.3531
2026-07-22T17:36:35.717,53.5183,0.2683,15.2356
2026-07-22T17:36:35.742,53.5288,0.092,15.3335
2026-07-22T17:36:35.749,53.5371,0.1508,15.2748
2026-07-22T17:36:35.766,53.5708,0.092,15.2552
2026-07-22T17:36:35.766,53.5708,0.1704,15.3139
2026-07-22T17:36:35.787,53.5759,0.2291,15.2552
2026-07-22T17:36:35.787,53.5801,0.1508,15.2552
2026-07-22T17:36:35.797,53.5918,0.1899,15.3139
2026-07-22T17:36:35.805,53.5997,0.1899,15.2748
2026-07-22T17:36:35.817,53.6246,0.1312,15.3531
2026-07-22T17:36:35.829,53.63,0.1899,15.3531
2026-07-22T17:36:35.839,53.6365,0.1508,15.451
2026-07-22T17:36:35.848,53.6395,0.1704,15.3531
2026-07-22T17:36:35.860,53.6395,0.1312,15.451
2026-07-22T17:36:35.876,53.6793,0.1704,15.3922
2026-07-22T17:36:35.876,53.6817,0.1899,15.3922
2026-07-22T17:36:35.893,53.6869,0.1508,15.5097
2026-07-22T17:36:35.903,53.6919,0.1704,15.5489
2026-07-22T17:36:35.908,53.6977,0.2095,15.5293
2026-07-22T17:36:35.921,53.7058,0.1704,15.588
2026-07-22T17:36:35.929,53.729,0.1899,15.5685
2026-07-22T17:36:35.940,53.7356,0.2095,15.6076
2026-07-22T17:36:35.950,53.7356,0.2291,15.6076
2026-07-22T17:36:35.960,53.7452,0.2487,15.588
2026-07-22T17:36:35.971,53.7498,0.1508,15.7055
2026-07-22T17:36:35.974,53.7836,0.2291,15.6664
2026-07-22T17:36:35.989,53.7836,0.1704,15.686
2026-07-22T17:36:36.004,53.7836,0.2095,15.8818
2026-07-22T17:36:36.013,53.7978,0.2878,15.7643
2026-07-22T17:36:36.018,53.7978,0.1508,15.8034
2026-07-22T17:36:36.038,53.8393,0.2683,15.8426
2026-07-22T17:36:36.038,53.8403,0.2095,15.9209
2026-07-22T17:36:36.052,53.8463,0.2683,16.0384
2026-07-22T17:36:36.052,53.8518,0.2878,16.1363
2026-07-22T17:36:36.066,53.8558,0.2095,16.1167
2026-07-22T17:36:36.081,53.8608,0.327,16.1559
2026-07-22T17:36:36.081,53.8755,0.1508,16.1363
2026-07-22T17:36:36.100,53.8914,0.2487,16.1755
2026-07-22T17:36:36.113,53.9019,0.3074,16.1167
2026-07-22T17:36:36.123,53.9072,0.2095,16.1363
2026-07-22T17:36:36.129,53.9072,0.327,16.1363
2026-07-22T17:36:36.144,53.9443,0.2683,16.2538
2026-07-22T17:36:36.144,53.9453,0.3074,16.2538
2026-07-22T17:36:36.160,53.9532,0.2683,16.2538
2026-07-22T17:36:36.170,53.962,0.2487,16.2734
2026-07-22T17:36:36.175,53.965,0.2878,16.2146
2026-07-22T17:36:36.191,53.9978,0.2291,16.1755
2026-07-22T17:36:36.207,54.0012,0.2487,16.1363
2026-07-22T17:36:36.213,54.0116,0.2683,16.0776
2026-07-22T17:36:36.221,54.0157,0.3074,16.0188
2026-07-22T17:36:36.233,54.0157,0.1899,16.0188
2026-07-22T17:36:36.240,54.0295,0.2291,15.9797
2026-07-22T17:36:36.246,54.0565,0.2095,16.0188
2026-07-22T17:36:36.246,54.0593,0.2291,16.1559
2026-07-22T17:36:36.269,54.0634,0.2095,16.1167
2026-07-22T17:36:36.284,54.0634,0.1508,15.9992
2026-07-22T17:36:36.293,54.077,0.2683,15.9601
2026-07-22T17:36:36.298,54.1085,0.2291,16.058
2026-07-22T17:36:36.309,54.1126,0.2878,16.1559
2026-07-22T17:36:36.325,54.1188,0.2291,16.058
2026-07-22T17:36:36.332,54.1244,0.1312,16.0776
2026-07-22T17:36:36.345,54.1244,0.2487,16.058
2026-07-22T17:36:36.345,54.1371,0.1899,15.9992
2026-07-22T17:36:36.363,54.1639,0.2291,16.0776
2026-07-22T17:36:36.366,54.1665,0.3074,16.0188
2026-07-22T17:36:36.381,54.1738,0.1704,16.058
2026-07-22T17:36:36.393,54.1777,0.2095,16.058
2026-07-22T17:36:36.393,54.1777,0.2095,16.1363
2026-07-22T17:36:36.412,54.2027,0.2095,16.1363
2026-07-22T17:36:36.424,54.2133,0.2683,16.1167
2026-07-22T17:36:36.434,54.2198,0.2291,16.1167
2026-07-22T17:36:36.442,54.2252,0.2878,16.0971
2026-07-22T17:36:36.446,54.2252,0.2291,16.0188
2026-07-22T17:36:36.455,54.2574,0.1704,16.058
2026-07-22T17:36:36.471,54.2597,0.2095,16.0188
2026-07-22T17:36:36.482,54.2646,0.1312,15.9601
2026-07-22T17:36:36.488,54.2646,0.2095,15.9992
2026-07-22T17:36:36.502,54.2805,0.2487,16.0188
2026-07-22T17:36:36.517,54.2976,0.1508,16.0776
2026-07-22T17:36:36.517,54.3059,0.2683,16.0384
2026-07-22T17:36:36.533,54.3059,0.1704,16.0188
2026-07-22T17:36:36.533,54.3118,0.2095,15.9992
2026-07-22T17:36:36.566,54.3436,0.2095,15.9405
2026-07-22T17:36:36.566,54.3436,0.1704,16.1363
2026-07-22T17:36:36.566,54.3468,0.2487,15.9405
2026-07-22T17:36:36.580,54.3596,0.1312,15.8426
2026-07-22T17:36:36.596,54.3866,0.1899,15.8818
2026-07-22T17:36:36.596,54.3914,0.2878,15.9992
2026-07-22T17:36:36.596,54.3914,0.2487,16.058
2026-07-22T17:36:36.622,54.3997,0.2878,16.1755
2026-07-22T17:36:36.628,54.4076,0.2683,16.058
2026-07-22T17:36:36.644,54.434,0.2291,16.0971
2026-07-22T17:36:36.644,54.434,0.2487,15.9209
2026-07-22T17:36:36.660,54.4487,0.1704,15.8034
2026-07-22T17:36:36.676,54.455,0.1899,15.9209
2026-07-22T17:36:36.694,54.4869,0.2095,15.8034
2026-07-22T17:36:36.696,54.4869,0.1508,15.7643
2026-07-22T17:36:36.702,54.4869,0.1704,15.7447
2026-07-22T17:36:36.717,54.4978,0.1704,15.7055
2026-07-22T17:36:36.723,54.5031,0.1704,15.8818
2026-07-22T17:36:36.723,54.5314,0.2487,15.9797
2026-07-22T17:36:36.742,54.5372,0.2095,15.9992
2026-07-22T17:36:36.755,54.5372,0.2683,16.0776
2026-07-22T17:36:36.755,54.5447,0.2487,16.0776
2026-07-22T17:36:36.773,54.5499,0.2487,16.0384
2026-07-22T17:36:36.787,54.5824,0.2487,15.9992
2026-07-22T17:36:36.787,54.5824,0.1312,15.9601
2026-07-22T17:36:36.800,54.5824,0.1899,15.8426
2026-07-22T17:36:36.805,54.5824,0.1704,15.823
2026-07-22T17:36:36.822,54.5977,0.1704,15.9013
2026-07-22T17:36:36.834,54.6291,0.1704,15.8818
2026-07-22T17:36:36.834,54.6291,0.1899,15.9209
2026-07-22T17:36:36.851,54.6291,0.2095,15.9405
2026-07-22T17:36:36.851,54.6448,0.2095,15.8818
2026-07-22T17:36:36.866,54.6448,0.1312,15.8818
2026-07-22T17:36:36.866,54.6765,0.1899,15.9405
2026-07-22T17:36:36.889,54.6802,0.1508,15.9013
2026-07-22T17:36:36.897,54.6933,0.2095,15.9405
2026-07-22T17:36:36.913,54.6976,0.2683,15.8818
2026-07-22T17:36:36.920,54.6976,0.1899,15.9992
2026-07-22T17:36:36.929,54.7335,0.2291,16.0188
2026-07-22T17:36:36.929,54.7335,0.2095,15.9797
2026-07-22T17:36:36.953,54.74,0.2291,15.9601
2026-07-22T17:36:36.962,54.7468,0.2878,16.0188
2026-07-22T17:36:36.966,54.7468,0.2291,16.0188
2026-07-22T17:36:36.992,54.7835,0.327,16.0384
2026-07-22T17:36:36.992,54.7835,0.3466,16.0776
2026-07-22T17:36:37.002,54.7866,0.3857,16.058
2026-07-22T17:36:37.008,54.7978,0.4053,16.1167
2026-07-22T17:36:37.023,54.8026,0.327,16.0776
2026-07-22T17:36:37.039,54.8328,0.4249,16.058
2026-07-22T17:36:37.039,54.8343,0.3466,16.0776
2026-07-22T17:36:37.052,54.8423,0.327,16.1363
2026-07-22T17:36:37.066,54.8449,0.3662,16.1951
2026-07-22T17:36:37.071,54.8449,0.327,16.058
2026-07-22T17:36:37.071,54.866,0.4641,16.1755
2026-07-22T17:36:37.086,54.8794,0.3857,16.0971
2026-07-22T17:36:37.101,54.882,0.3662,16.0384
2026-07-22T17:36:37.113,54.882,0.3857,16.0188
2026-07-22T17:36:37.119,54.9135,0.327,16.0971
2026-07-22T17:36:37.134,54.9135,0.3466,16.0971
2026-07-22T17:36:37.134,54.934,0.4053,16.1951
2026-07-22T17:36:37.150,54.934,0.327,16.1363
2026-07-22T17:36:37.162,54.934,0.5032,16.1363
2026-07-22T17:36:37.182,54.9695,0.4053,16.1363
2026-07-22T17:36:37.182,54.9705,0.4053,16.1363
2026-07-22T17:36:37.182,54.9755,0.4445,16.1167
2026-07-22T17:36:37.202,54.9775,0.3857,16.058
2026-07-22T17:36:37.202,54.9843,0.4053,16.0384
2026-07-22T17:36:37.232,55.0137,0.3857,15.9013
2026-07-22T17:36:37.233,55.0137,0.4053,15.9992
2026-07-22T17:36:37.243,55.0262,0.4641,16.0971
2026-07-22T17:36:37.253,55.0262,0.4053,16.1363
2026-07-22T17:36:37.262,55.0649,0.5424,16.1559
2026-07-22T17:36:37.277,55.0689,0.3662,16.0776
2026-07-22T17:36:37.282,55.0749,0.3466,16.0384
2026-07-22T17:36:37.294,55.0775,0.5228,15.9013
2026-07-22T17:36:37.294,55.0816,0.3857,15.9797
2026-07-22T17:36:37.311,55.1134,0.4445,16.0188
2026-07-22T17:36:37.325,55.1134,0.4641,15.9209
2026-07-22T17:36:37.333,55.1205,0.3662,16.058
2026-07-22T17:36:37.345,55.1298,0.4053,16.0776
2026-07-22T17:36:37.352,55.1298,0.4249,16.1167
2026-07-22T17:36:37.366,55.1634,0.4445,16.1363
2026-07-22T17:36:37.366,55.1634,0.4445,15.9797
2026-07-22T17:36:37.382,55.1759,0.4053,16.0188
2026-07-22T17:36:37.398,55.1789,0.4641,16.0776
2026-07-22T17:36:37.398,55.1789,0.3857,16.0776
2026-07-22T17:36:37.425,55.2103,0.4053,16.1951
2026-07-22T17:36:37.425,55.2103,0.4249,16.2146
2026-07-22T17:36:37.432,55.2285,0.3662,16.0971
2026-07-22T17:36:37.444,55.2339,0.4249,16.0971
2026-07-22T17:36:37.447,55.2417,0.4641,16.0384
2026-07-22T17:36:37.447,55.2417,0.3466,16.0188
2026-07-22T17:36:37.479,55.2759,0.3857,16.0384
2026-07-22T17:36:37.479,55.2759,0.4053,16.0971
2026-07-22T17:36:37.479,55.2807,0.4641,16.0971
2026-07-22T17:36:37.502,55.2896,0.4641,16.0776
2026-07-22T17:36:37.510,55.2896,0.4445,16.0384
2026-07-22T17:36:37.528,55.3209,0.4836,16.0188
2026-07-22T17:36:37.528,55.3209,0.3466,15.9601
2026-07-22T17:36:37.544,55.3303,0.4053,15.9601
2026-07-22T17:36:37.558,55.3367,0.4249,16.0188
2026-07-22T17:36:37.564,55.3367,0.3074,15.9601
2026-07-22T17:36:37.567,55.3367,0.4053,16.058
2026-07-22T17:36:37.589,55.368,0.4445,16.0971
2026-07-22T17:36:37.589,55.368,0.3857,16.1363
2026-07-22T17:36:37.605,55.3841,0.3857,16.1559
2026-07-22T17:36:37.605,55.3841,0.3857,16.0971
2026-07-22T17:36:37.636,55.4244,0.4249,16.1363
2026-07-22T17:36:37.636,55.4265,0.4249,15.9405
2026-07-22T17:36:37.636,55.4335,0.4053,16.1755
2026-07-22T17:36:37.652,55.4421,0.4641,16.2342
2026-07-22T17:36:37.652,55.4483,0.4053,16.1167
2026-07-22T17:36:37.684,55.4845,0.5424,16.1755
2026-07-22T17:36:37.684,55.4845,0.4053,16.2146
2026-07-22T17:36:37.693,55.4845,0.4053,16.293
2026-07-22T17:36:37.712,55.4913,0.4249,16.2342
2026-07-22T17:36:37.716,55.4965,0.4249,16.0776
2026-07-22T17:36:37.729,55.5305,0.4249,16.1559
2026-07-22T17:36:37.747,55.5351,0.5032,16.1755
2026-07-22T17:36:37.747,55.5351,0.4249,16.2146
2026-07-22T17:36:37.753,55.5411,0.4836,16.293
2026-07-22T17:36:37.760,55.5499,0.4641,16.1755
2026-07-22T17:36:37.779,55.5905,0.3662,16.2146
2026-07-22T17:36:37.794,55.5905,0.4249,16.1363
2026-07-22T17:36:37.794,55.5905,0.3857,16.0188
2026-07-22T17:36:37.803,55.5967,0.3857,16.0971
2026-07-22T17:36:37.814,55.5993,0.3662,16.0776
2026-07-22T17:36:37.826,55.6101,0.2878,16.1559
2026-07-22T17:36:37.838,55.6393,0.5228,16.1559
2026-07-22T17:36:37.842,55.6446,0.3662,16.1363
2026-07-22T17:36:37.842,55.6446,0.7186,16.2146
2026-07-22T17:36:37.865,55.653,0.5032,16.0776
2026-07-22T17:36:37.872,55.6572,0.3466,16.1167
2026-07-22T17:36:37.882,55.6893,0.4249,16.1559
2026-07-22T17:36:37.894,55.6934,0.3466,16.1167
2026-07-22T17:36:37.894,55.6934,0.4053,16.2538
2026-07-22T17:36:37.913,55.7008,0.4249,16.2538
2026-07-22T17:36:37.921,55.7008,0.3857,16.2538
2026-07-22T17:36:37.928,55.7008,0.4445,16.1755
2026-07-22T17:36:37.938,55.7402,0.3857,16.1167
2026-07-22T17:36:37.953,55.7402,0.327,15.9992
2026-07-22T17:36:37.962,55.7486,0.3466,15.9797
2026-07-22T17:36:37.969,55.7521,0.3466,16.058
2026-07-22T17:36:37.969,55.7801,0.3662,16.0188
2026-07-22T17:36:38.001,55.7958,0.4053,15.9601
2026-07-22T17:36:38.001,55.7992,0.3466,15.9992
2026-07-22T17:36:38.015,55.7992,0.4249,16.0971
2026-07-22T17:36:38.020,55.8114,0.3662,16.0384
2026-07-22T17:36:38.028,55.8202,0.327,16.0188
2026-07-22T17:36:38.048,55.8489,0.3466,15.9405
2026-07-22T17:36:38.048,55.8489,0.327,15.9013
2026-07-22T17:36:38.064,55.8586,0.4053,15.9601
2026-07-22T17:36:38.067,55.8607,0.3857,16.0384
2026-07-22T17:36:38.080,55.8678,0.4053,16.1167
2026-07-22T17:36:38.088,55.8807,0.4445,16.058
2026-07-22T17:36:38.100,55.9061,0.2878,15.9601
2026-07-22T17:36:38.114,55.9149,0.3857,15.9209
2026-07-22T17:36:38.117,55.9222,0.3857,16.0384
2026-07-22T17:36:38.134,55.9222,0.3466,15.9797
2026-07-22T17:36:38.147,55.9328,0.4445,15.9992
2026-07-22T17:36:38.149,55.9612,0.4053,15.9209
2026-07-22T17:36:38.167,55.9695,0.3466,15.9601
2026-07-22T17:36:38.173,55.9767,0.3662,15.9209
2026-07-22T17:36:38.183,55.9825,0.3466,16.0384
2026-07-22T17:36:38.190,55.9852,0.3857,16.1167
2026-07-22T17:36:38.201,55.9852,0.3857,15.9797
2026-07-22T17:36:38.215,56.0189,0.3857,15.8818
2026-07-22T17:36:38.223,56.0248,0.4053,15.9209
2026-07-22T17:36:38.242,56.0301,0.3857,15.8818
2026-07-22T17:36:38.245,56.0339,0.3466,15.9405
2026-07-22T17:36:38.253,56.0339,0.3857,15.9013
2026-07-22T17:36:38.253,56.0485,0.327,15.8622
2026-07-22T17:36:38.269,56.0807,0.4053,15.9405
2026-07-22T17:36:38.269,56.0836,0.4053,15.8818
2026-07-22T17:36:38.302,56.0897,0.3857,15.9601
2026-07-22T17:36:38.302,56.0927,0.3466,15.9209
2026-07-22T17:36:38.302,56.1013,0.2878,15.9601
2026-07-22T17:36:38.324,56.1035,0.3466,15.9209
2026-07-22T17:36:38.334,56.1329,0.4249,15.8818
2026-07-22T17:36:38.342,56.1329,0.327,15.8034
2026-07-22T17:36:38.354,56.1409,0.3857,15.7643
2026-07-22T17:36:38.364,56.1468,0.4053,15.8818
2026-07-22T17:36:38.372,56.1468,0.4053,15.9992
2026-07-22T17:36:38.386,56.1865,0.3857,16.0188
2026-07-22T17:36:38.393,56.1875,0.3662,16.1167
2026-07-22T17:36:38.401,56.1964,0.4249,16.0188
2026-07-22T17:36:38.409,56.2054,0.3466,15.9797
2026-07-22T17:36:38.425,56.2164,0.4641,16.0776
2026-07-22T17:36:38.435,56.2473,0.4053,16.0188
2026-07-22T17:36:38.447,56.2494,0.3662,16.0384
2026-07-22T17:36:38.455,56.2575,0.3662,15.9209
2026-07-22T17:36:38.461,56.2624,0.2878,15.7839
2026-07-22T17:36:38.474,56.2624,0.3857,15.9209
2026-07-22T17:36:38.485,56.2624,0.4641,15.9797
