trial_id,attempt_idx,axis,sign,direction_label,x,y,perplexity
YL_negative_x_001_20260723_171051,1,x,-1,negative_x,16.009146,23.587276,10
YL_negative_x_001_20260723_171051,2,x,-1,negative_x,14.9515705,22.978594,10
YL_negative_x_001_20260723_171051,3,x,-1,negative_x,14.435942,23.851269,10
YL_negative_x_001_20260723_171051,4,x,-1,negative_x,12.789954,24.229595,10
YL_negative_x_001_20260723_171051,5,x,-1,negative_x,11.97061,24.238592,10
YL_negative_x_001_20260723_171051,6,x,-1,negative_x,13.033961,23.92197,10
YL_negative_x_001_20260723_171051,7,x,-1,negative_x,17.180487,22.298098,10
YL_negative_x_001_20260723_171051,8,x,-1,negative_x,10.56917,21.722689,10
YL_negative_x_001_20260723_171051,9,x,-1,negative_x,11.725782,22.229736,10
YL_negative_x_001_20260723_171051,10,x,-1,negative_x,12.319028,22.32961,10
YL_negative_x_001_20260723_171051,11,x,-1,negative_x,16.86479,22.62089,10
YL_negative_x_001_20260723_171051,12,x,-1,negative_x,10.954933,22.556892,10
YL_negative_x_001_20260723_171051,13,x,-1,negative_x,14.099974,21.619751,10
YL_negative_x_001_20260723_171051,14,x,-1,negative_x,10.299595,22.80165,10
YL_negative_x_001_20260723_171051,15,x,-1,negative_x,9.785625,22.843407,10
YL_negative_x_001_20260723_171051,16,x,-1,negative_x,15.12396,21.647646,10
YL_negative_x_001_20260723_171051,17,x,-1,negative_x,14.758515,21.777832,10
YL_negative_y_002_20260723_162231,1,y,-1,negative_y,-2.4800403,-6.187705,10
YL_negative_y_002_20260723_162231,2,y,-1,negative_y,-2.5041163,-6.1298337,10
YL_negative_y_002_20260723_162231,3,y,-1,negative_y,-2.3764238,-7.029418,10
YL_negative_y_002_20260723_162231,4,y,-1,negative_y,18.09166,-7.017111,10
YL_negative_y_002_20260723_162231,5,y,-1,negative_y,19.245682,-4.7203207,10
YL_negative_y_002_20260723_162231,6,y,-1,negative_y,18.320381,-4.1039176,10
YL_negative_y_002_20260723_162231,7,y,-1,negative_y,16.551008,-4.384349,10
YL_negative_y_002_20260723_162231,8,y,-1,negative_y,16.577436,-4.405146,10
YL_negative_y_002_20260723_162231,9,y,-1,negative_y,19.382685,-6.287896,10
YL_negative_y_002_20260723_162231,10,y,-1,negative_y,20.879862,-7.435412,10
YL_negative_y_002_20260723_162231,11,y,-1,negative_y,18.605343,-8.126683,10
YL_negative_y_002_20260723_162231,12,y,-1,negative_y,18.773232,-7.5578966,10
YL_negative_y_002_20260723_162231,13,y,-1,negative_y,19.520838,-8.241212,10
YL_negative_y_002_20260723_162231,14,y,-1,negative_y,18.783468,-8.710789,10
YL_negative_y_002_20260723_162231,15,y,-1,negative_y,19.218174,-5.500857,10
YL_negative_y_002_20260723_162231,16,y,-1,negative_y,19.599903,-7.2964945,10
YL_negative_z_001_20260723_162033,1,z,-1,negative_z,3.4718215,-10.447633,10
YL_negative_z_001_20260723_162033,2,z,-1,negative_z,3.8722656,-11.026857,10
YL_negative_z_001_20260723_162033,3,z,-1,negative_z,4.284208,-10.666262,10
YL_negative_z_001_20260723_162033,4,z,-1,negative_z,5.054277,-12.074957,10
YL_negative_z_001_20260723_162033,5,z,-1,negative_z,3.908555,-13.070934,10
YL_negative_z_001_20260723_162033,6,z,-1,negative_z,5.1928587,-14.009398,10
YL_negative_z_001_20260723_162033,7,z,-1,negative_z,5.3334618,-13.169885,10
YL_negative_z_001_20260723_162033,8,z,-1,negative_z,13.245722,-1.5615461,10
YL_negative_z_001_20260723_162033,9,z,-1,negative_z,5.8386874,-12.47849,10
YL_negative_z_001_20260723_162033,10,z,-1,negative_z,6.283602,-14.00516,10
YL_negative_z_001_20260723_162033,11,z,-1,negative_z,5.472214,-14.869877,10
YL_negative_z_001_20260723_162033,12,z,-1,negative_z,4.388532,-14.156841,10
YL_negative_z_001_20260723_162033,13,z,-1,negative_z,4.57161,-13.157774,10
YL_positive_x_001_20260723_172701,1,x,1,positive_x,-15.058348,-15.145465,10
YL_positive_x_001_20260723_172701,2,x,1,positive_x,-15.165348,-16.025265,10
YL_positive_x_001_20260723_172701,3,x,1,positive_x,-15.959608,-15.45143,10
YL_positive_x_001_20260723_172701,4,x,1,positive_x,-15.29431,-17.864923,10
YL_positive_x_001_20260723_172701,5,x,1,positive_x,-15.937964,-17.895153,10
YL_positive_x_001_20260723_172701,6,x,1,positive_x,-16.779583,-17.547197,10
YL_positive_x_001_20260723_172701,7,x,1,positive_x,-17.070185,-16.920311,10
YL_positive_x_001_20260723_172701,8,x,1,positive_x,-19.763317,-16.70049,10
YL_positive_x_001_20260723_172701,9,x,1,positive_x,-18.107729,-15.175938,10
YL_positive_x_001_20260723_172701,10,x,1,positive_x,-19.654068,-16.044262,10
YL_positive_x_001_20260723_172701,11,x,1,positive_x,-18.34612,-16.284409,10
YL_positive_x_001_20260723_172701,12,x,1,positive_x,-18.904835,-15.702366,10
YL_positive_x_001_20260723_172701,13,x,1,positive_x,-19.562372,-15.272676,10
YL_positive_x_001_20260723_172701,14,x,1,positive_x,-17.28579,-16.291573,10
YL_positive_y_003_20260723_162436,1,y,1,positive_y,-3.1943536,13.660978,10
YL_positive_y_003_20260723_162436,2,y,1,positive_y,-3.314865,13.915365,10
YL_positive_y_003_20260723_162436,3,y,1,positive_y,-5.6064725,17.585222,10
YL_positive_y_003_20260723_162436,4,y,1,positive_y,-4.4720554,18.302925,10
YL_positive_y_003_20260723_162436,5,y,1,positive_y,-4.458093,16.433172,10
YL_positive_y_003_20260723_162436,6,y,1,positive_y,-4.0182686,17.126621,10
YL_positive_y_003_20260723_162436,7,y,1,positive_y,-4.81294,17.454128,10
YL_positive_y_003_20260723_162436,8,y,1,positive_y,-5.3553386,16.372059,10
YL_positive_y_003_20260723_162436,9,y,1,positive_y,-8.400668,17.034637,10
YL_positive_y_003_20260723_162436,10,y,1,positive_y,-8.965236,16.887367,10
YL_positive_y_003_20260723_162436,11,y,1,positive_y,-6.1360087,16.89374,10
YL_positive_y_003_20260723_162436,12,y,1,positive_y,-6.679236,17.272633,10
YL_positive_y_003_20260723_162436,13,y,1,positive_y,-7.862273,17.06333,10
YL_positive_z_001_20260723_161834,1,z,1,positive_z,-4.127615,3.0328357,10
YL_positive_z_001_20260723_161834,2,z,1,positive_z,-3.3494532,2.45569,10
YL_positive_z_001_20260723_161834,3,z,1,positive_z,-3.090608,2.0482428,10
YL_positive_z_001_20260723_161834,4,z,1,positive_z,-4.028193,2.2134287,10
YL_positive_z_001_20260723_161834,5,z,1,positive_z,-3.5699134,0.2943844,10
YL_positive_z_001_20260723_161834,6,z,1,positive_z,-3.6160328,0.79943395,10
YL_positive_z_001_20260723_161834,7,z,1,positive_z,-3.228451,-0.13648376,10
YL_positive_z_001_20260723_161834,8,z,1,positive_z,1.221263,-1.2132573,10
YL_positive_z_001_20260723_161834,9,z,1,positive_z,-1.825976,3.0709817,10
YL_positive_z_001_20260723_161834,10,z,1,positive_z,1.6333326,-2.5086403,10
YL_positive_z_001_20260723_161834,11,z,1,positive_z,-0.28656107,-0.90101594,10
YL_positive_z_001_20260723_161834,12,z,1,positive_z,0.8367642,-2.716051,10
YL_positive_z_001_20260723_161834,13,z,1,positive_z,2.58369,-4.6984234,10
YL_positive_z_001_20260723_161834,14,z,1,positive_z,1.8789582,-1.8935782,10
YL_positive_z_001_20260723_161834,15,z,1,positive_z,0.31343392,-0.42461562,10
YL_positive_z_001_20260723_161834,16,z,1,positive_z,13.18932,-1.5381067,10
YL_positive_z_001_20260723_161834,17,z,1,positive_z,0.2543693,0.5474715,10
YL_positive_z_001_20260723_161834,18,z,1,positive_z,2.2593832,-3.1749876,10
YL_positive_z_001_20260723_161834,19,z,1,positive_z,0.7825604,-3.424686,10
YL_positive_z_001_20260723_161834,20,z,1,positive_z,1.6431527,-3.986302,10
YL_positive_z_001_20260723_161834,21,z,1,positive_z,-0.678637,-0.2884888,10
